week,country,channel,actual_conversions,target_conversions,conversion_attainment_pct,rolling_4w_conversion_attainment_pct,wow_conversion_attainment_ratio,wow_direction,actual_spend,target_spend,budget_utilization_pct,rolling_4w_budget_utilization_pct
2025-01-06,France,Affiliate,15,336,4.46,4.46,,No Prior Week,14025.1,22523.36,62.27,62.27
2025-01-13,France,Affiliate,8,109,7.34,5.9,1.644,Improving,4490.32,21544.42,20.84,41.56
2025-01-20,France,Affiliate,10,492,2.03,4.61,0.2769,Declining,7567.18,22406.03,33.77,38.96
2025-01-27,France,Affiliate,3,159,1.89,3.93,0.9283,Declining,13342.48,14825.66,90.0,51.72
2025-02-03,France,Affiliate,11,429,2.56,3.46,1.359,Improving,1311.51,23904.55,5.49,37.52
2025-02-10,France,Affiliate,11,353,3.12,2.4,1.2153,Improving,8528.37,13734.99,62.09,47.84
2025-02-17,France,Affiliate,6,131,4.58,3.04,1.4698,Improving,4476.26,22985.55,19.47,44.26
2025-02-24,France,Affiliate,11,344,3.2,3.36,0.6982,Declining,7251.29,7372.87,98.35,46.35
2025-03-03,France,Affiliate,4,314,1.27,3.04,0.3984,Declining,0.0,9241.33,0.0,44.98
2025-03-10,France,Affiliate,8,495,1.62,2.67,1.2687,Improving,2111.12,11773.36,17.93,33.94
2025-03-17,France,Affiliate,6,162,3.7,2.45,2.2917,Improving,8137.44,13676.37,59.5,43.95
2025-03-24,France,Affiliate,8,265,3.02,2.4,0.8151,Declining,4794.7,18698.98,25.64,25.77
2025-03-31,France,Affiliate,9,338,2.66,2.75,0.882,Declining,2803.74,7233.59,38.76,35.46
2025-04-07,France,Affiliate,7,403,1.74,2.78,0.6523,Declining,6836.75,15114.27,45.23,42.28
2025-04-14,France,Affiliate,7,210,3.33,2.69,1.919,Improving,18185.05,1058.05,1718.73,457.09
2025-04-21,France,Affiliate,13,238,5.46,3.3,1.6387,Improving,15891.51,4233.25,375.4,544.53
2025-04-28,France,Affiliate,5,89,5.62,4.04,1.0285,Improving,0.0,17998.87,0.0,534.84
2025-05-05,France,Affiliate,5,323,1.55,3.99,0.2755,Declining,9228.26,18465.88,49.97,536.03
2025-05-12,France,Affiliate,12,200,6.0,4.66,3.876,Improving,0.0,23776.21,0.0,106.34
2025-05-19,France,Affiliate,1,180,0.56,3.43,0.0926,Declining,6337.48,24085.09,26.31,19.07
2025-05-26,France,Affiliate,8,414,1.93,2.51,3.4783,Improving,15837.13,11937.49,132.67,52.24
2025-06-02,France,Affiliate,5,276,1.81,2.57,0.9375,Declining,6949.85,18641.73,37.28,49.07
2025-06-09,France,Affiliate,2,461,0.43,1.18,0.2395,Declining,12686.66,19162.8,66.2,65.62
2025-06-16,France,Affiliate,9,496,1.81,1.5,4.1825,Improving,4031.31,23639.88,17.05,63.3
2025-06-23,France,Affiliate,9,313,2.88,1.73,1.5847,Improving,11563.46,2225.94,519.49,160.01
2025-06-30,France,Affiliate,10,343,2.92,2.01,1.0139,Improving,9608.8,22014.7,43.65,161.6
2025-07-07,France,Affiliate,9,320,2.81,2.6,0.9647,Declining,13479.33,8679.82,155.3,183.87
2025-07-14,France,Affiliate,7,245,2.86,2.87,1.0159,Improving,11935.1,7135.3,167.27,221.42
2025-07-21,France,Affiliate,9,299,3.01,2.9,1.0535,Improving,7511.78,7051.06,106.53,118.19
2025-07-28,France,Affiliate,7,144,4.86,3.39,1.615,Improving,0.0,6657.44,0.0,107.27
2025-08-04,France,Affiliate,4,424,0.94,2.92,0.1941,Declining,0.0,21073.8,0.0,68.45
2025-08-11,France,Affiliate,8,367,2.18,2.75,2.3106,Improving,8150.98,10850.58,75.12,45.41
2025-08-18,France,Affiliate,9,242,3.72,2.93,1.7061,Improving,11009.36,12487.33,88.16,40.82
2025-08-25,France,Affiliate,7,203,3.45,2.57,0.9272,Declining,1401.82,2612.92,53.65,54.23
2025-09-01,France,Affiliate,6,232,2.59,2.98,0.75,Declining,18727.05,20666.19,90.62,76.89
2025-09-08,France,Affiliate,8,186,4.3,3.51,1.6631,Improving,9625.41,12268.78,78.45,77.72
2025-09-15,France,Affiliate,9,206,4.37,3.68,1.0158,Improving,0.0,24227.67,0.0,55.68
2025-09-22,France,Affiliate,8,217,3.69,3.74,0.8438,Declining,7552.48,22671.75,33.31,50.6
2025-09-29,France,Affiliate,8,75,10.67,5.76,2.8933,Improving,4270.84,3424.01,124.73,59.12
2025-10-06,France,Affiliate,7,429,1.63,5.09,0.153,Declining,14384.1,15587.06,92.28,62.58
2025-10-13,France,Affiliate,7,306,2.29,4.57,1.402,Improving,15290.61,14809.69,103.25,88.39
2025-10-20,France,Affiliate,9,349,2.58,4.29,1.1273,Improving,4687.33,13723.45,34.16,88.6
2025-10-27,France,Affiliate,4,142,2.82,2.33,1.0923,Improving,18633.94,7670.14,242.94,118.16
2025-11-03,France,Affiliate,11,241,4.56,3.06,1.6203,Improving,0.0,23224.9,0.0,95.09
2025-11-10,France,Affiliate,5,75,6.67,4.16,1.4606,Improving,0.0,16558.14,0.0,69.27
2025-11-17,France,Affiliate,7,130,5.38,4.86,0.8077,Declining,18971.23,15146.76,125.25,92.05
2025-11-24,France,Affiliate,8,483,1.66,4.57,0.3076,Declining,8895.41,21771.27,40.86,41.53
2025-12-01,France,Affiliate,11,416,2.64,4.09,1.5965,Improving,7734.33,2936.15,263.42,107.38
2025-12-08,France,Affiliate,8,182,4.4,3.52,1.6623,Improving,13789.17,3703.67,372.31,200.46
2025-12-15,France,Affiliate,5,259,1.93,2.66,0.4392,Declining,18127.96,17534.18,103.39,194.99
2025-12-22,France,Affiliate,9,156,5.77,3.68,2.9885,Improving,5062.06,17636.8,28.7,191.95
2025-12-29,France,Affiliate,3,217,1.38,3.37,0.2396,Declining,13640.68,17657.1,77.25,145.41
2025-01-06,France,Organic,17,193,8.81,8.81,,No Prior Week,5560.52,2334.6,238.18,238.18
2025-01-13,France,Organic,18,277,6.5,7.65,0.7377,Declining,19445.82,7026.14,276.76,257.47
2025-01-20,France,Organic,15,339,4.42,6.58,0.6809,Declining,0.0,1863.49,0.0,171.65
2025-01-27,France,Organic,11,397,2.77,5.63,0.6262,Declining,0.0,24509.17,0.0,128.74
2025-02-03,France,Organic,13,494,2.63,4.08,0.9498,Declining,11109.07,20055.05,55.39,83.04
2025-02-10,France,Organic,11,242,4.55,3.59,1.7273,Improving,6644.09,16732.79,39.71,23.77
2025-02-17,France,Organic,8,66,12.12,5.52,2.6667,Improving,5256.14,11359.86,46.27,35.34
2025-02-24,France,Organic,15,283,5.3,6.15,0.4373,Declining,0.0,23424.96,0.0,35.34
2025-03-03,France,Organic,9,393,2.29,6.06,0.4321,Declining,2395.99,5715.01,41.92,31.98
2025-03-10,France,Organic,13,419,3.1,5.7,1.3548,Improving,8330.26,15968.81,52.17,35.09
2025-03-17,France,Organic,8,176,4.55,3.81,1.465,Improving,12940.26,17533.32,73.8,41.97
2025-03-24,France,Organic,11,473,2.33,3.07,0.5116,Declining,2495.29,3476.56,71.77,59.92
2025-03-31,France,Organic,16,473,3.38,3.34,1.4545,Improving,0.0,7069.76,0.0,49.44
2025-04-07,France,Organic,10,64,15.63,6.47,4.6191,Improving,4400.69,14071.48,31.27,44.21
2025-04-14,France,Organic,6,404,1.49,5.7,0.095,Declining,18955.34,24059.75,78.78,45.46
2025-04-21,France,Organic,17,320,5.31,6.45,3.5771,Improving,0.0,6096.33,0.0,27.51
2025-04-28,France,Organic,14,208,6.73,7.29,1.267,Improving,4635.84,10807.24,42.9,38.24
2025-05-05,France,Organic,10,254,3.94,4.37,0.5849,Declining,12953.74,20685.69,62.62,46.08
2025-05-12,France,Organic,12,52,23.08,9.76,5.8615,Improving,0.0,17569.94,0.0,26.38
2025-05-19,France,Organic,14,272,5.15,9.72,0.223,Declining,7914.07,18857.52,41.97,36.87
2025-05-26,France,Organic,16,169,9.47,10.41,1.8394,Improving,6710.78,15142.95,44.32,37.23
2025-06-02,France,Organic,18,205,8.78,11.62,0.9274,Declining,15747.98,11322.21,139.09,56.34
2025-06-09,France,Organic,15,81,18.52,10.48,2.1091,Improving,0.0,3139.59,0.0,56.34
2025-06-16,France,Organic,18,489,3.68,10.11,0.1988,Declining,16848.49,8654.38,194.68,94.52
2025-06-23,France,Organic,8,71,11.27,10.56,3.061,Improving,5174.81,20367.5,25.41,89.79
2025-06-30,France,Organic,9,220,4.09,9.39,0.3631,Declining,9283.4,19916.23,46.61,66.68
2025-07-07,France,Organic,13,489,2.66,5.42,0.6499,Declining,17109.71,3748.07,456.49,180.8
2025-07-14,France,Organic,11,156,7.05,6.27,2.6524,Improving,0.0,11688.83,0.0,132.13
2025-07-21,France,Organic,17,475,3.58,4.34,0.5076,Declining,0.0,15842.17,0.0,125.78
2025-07-28,France,Organic,5,113,4.42,4.43,1.2363,Improving,11434.39,12528.5,91.27,136.94
2025-08-04,France,Organic,15,179,8.38,5.86,1.8939,Improving,15621.64,2255.37,692.64,195.98
2025-08-11,France,Organic,13,449,2.9,4.82,0.3455,Declining,11348.94,15042.97,75.44,214.84
2025-08-18,France,Organic,13,194,6.7,5.6,2.3144,Improving,2028.88,17729.72,11.44,217.7
2025-08-25,France,Organic,15,183,8.2,6.54,1.2232,Improving,9871.3,7742.02,127.5,226.76
2025-09-01,France,Organic,14,285,4.91,5.68,0.5993,Declining,2939.23,22740.26,12.93,56.83
2025-09-08,France,Organic,7,263,2.66,5.62,0.5418,Declining,11739.96,14474.33,81.11,58.25
2025-09-15,France,Organic,12,303,3.96,4.93,1.488,Improving,5194.84,22816.31,22.77,61.08
2025-09-22,France,Organic,7,233,3.0,3.63,0.7586,Declining,3601.12,6624.13,54.36,42.79
2025-09-29,France,Organic,10,433,2.31,2.98,0.7687,Declining,5298.74,21261.72,24.92,45.79
2025-10-06,France,Organic,12,303,3.96,3.31,1.7149,Improving,16089.6,15172.54,106.04,52.02
2025-10-13,France,Organic,16,147,10.88,5.04,2.7483,Improving,16091.8,22152.43,72.64,64.49
2025-10-20,France,Organic,10,299,3.34,5.12,0.3073,Declining,8100.35,21919.32,36.96,60.14
2025-10-27,France,Organic,18,425,4.24,5.61,1.2664,Improving,14811.91,13055.43,113.45,82.27
2025-11-03,France,Organic,12,248,4.84,5.83,1.1425,Improving,13938.31,12699.04,109.76,83.2
2025-11-10,France,Organic,13,167,7.78,5.05,1.6088,Improving,13873.3,3406.98,407.2,166.84
2025-11-17,France,Organic,12,375,3.2,5.01,0.4111,Declining,14188.01,5279.5,268.74,224.79
2025-11-24,France,Organic,9,325,2.77,4.65,0.8654,Declining,16211.43,21930.54,73.92,214.91
2025-12-01,France,Organic,9,189,4.76,4.63,1.7196,Improving,3663.59,16094.62,22.76,193.16
2025-12-08,France,Organic,6,107,5.61,4.08,1.1776,Improving,12712.94,19441.44,65.39,107.7
2025-12-15,France,Organic,13,225,5.78,4.73,1.0304,Improving,0.0,6293.86,0.0,40.52
2025-12-22,France,Organic,11,424,2.59,4.69,0.449,Declining,3757.12,7039.11,53.37,35.38
2025-12-29,France,Organic,6,457,1.31,3.82,0.5061,Declining,14237.06,21527.5,66.13,46.23
2025-01-06,France,Paid Search,17,74,22.97,22.97,,No Prior Week,5286.78,15485.6,34.14,34.14
2025-01-13,France,Paid Search,12,213,5.63,14.3,0.2452,Declining,12671.3,8132.43,155.81,94.98
2025-01-20,France,Paid Search,11,168,6.55,11.72,1.1622,Improving,5320.53,20158.5,26.39,72.12
2025-01-27,France,Paid Search,18,262,6.87,10.51,1.0493,Improving,11068.67,22878.75,48.38,66.18
2025-02-03,France,Paid Search,11,264,4.17,5.8,0.6065,Declining,7956.54,13287.33,59.88,72.62
2025-02-10,France,Paid Search,17,384,4.43,5.5,1.0625,Improving,5368.28,23614.5,22.73,39.35
2025-02-17,France,Paid Search,19,394,4.82,5.07,1.0893,Improving,13487.03,12082.64,111.62,60.65
2025-02-24,France,Paid Search,17,280,6.07,4.87,1.259,Improving,0.0,3188.75,0.0,48.56
2025-03-03,France,Paid Search,10,115,8.7,6.0,1.4322,Improving,2513.27,5038.35,49.88,46.06
2025-03-10,France,Paid Search,11,192,5.73,6.33,0.6589,Declining,16987.34,3368.44,504.31,166.45
2025-03-17,France,Paid Search,13,140,9.29,7.45,1.6208,Improving,17270.36,1459.67,1183.17,434.34
2025-03-24,France,Paid Search,10,267,3.75,6.86,0.4033,Declining,9335.72,20159.16,46.31,445.92
2025-03-31,France,Paid Search,12,471,2.55,5.33,0.6803,Declining,16063.65,4391.66,365.78,524.89
2025-04-07,France,Paid Search,15,95,15.79,7.84,6.1974,Improving,10825.37,8189.35,132.19,431.86
2025-04-14,France,Paid Search,8,235,3.4,6.37,0.2156,Declining,6550.9,13034.21,50.26,148.63
2025-04-21,France,Paid Search,13,188,6.91,7.16,2.0313,Improving,12937.74,1529.09,846.11,348.58
2025-04-28,France,Paid Search,10,338,2.96,7.27,0.4279,Declining,3841.76,22331.54,17.2,261.44
2025-05-05,France,Paid Search,14,418,3.35,4.16,1.1321,Improving,831.85,21742.83,3.83,229.35
2025-05-12,France,Paid Search,14,226,6.19,4.85,1.8496,Improving,10808.27,14334.2,75.4,235.63
2025-05-19,France,Paid Search,8,385,2.08,3.65,0.3354,Declining,11951.29,20797.49,57.47,38.47
2025-05-26,France,Paid Search,17,407,4.18,3.95,2.0101,Improving,2325.46,9717.64,23.93,40.16
2025-06-02,France,Paid Search,14,489,2.86,3.83,0.6854,Declining,18923.81,2238.77,845.28,250.52
2025-06-09,France,Paid Search,20,102,19.61,7.18,6.8487,Improving,4547.98,8356.4,54.43,245.27
2025-06-16,France,Paid Search,17,385,4.42,7.77,0.2252,Declining,5784.43,21490.76,26.92,237.64
2025-06-23,France,Paid Search,12,293,4.1,7.75,0.9275,Declining,4832.65,12741.33,37.93,241.14
2025-06-30,France,Paid Search,6,324,1.85,7.49,0.4522,Declining,9276.28,24880.9,37.28,39.14
2025-07-07,France,Paid Search,16,181,8.84,4.8,4.7735,Improving,5584.62,15354.23,36.37,34.62
2025-07-14,France,Paid Search,14,386,3.63,4.6,0.4103,Declining,2165.9,23655.42,9.16,30.18
2025-07-21,France,Paid Search,12,269,4.46,4.69,1.23,Improving,7244.12,22093.03,32.79,28.9
2025-07-28,France,Paid Search,16,300,5.33,5.57,1.1956,Improving,19058.75,22925.47,83.13,40.36
2025-08-04,France,Paid Search,10,409,2.44,3.97,0.4584,Declining,0.0,15827.33,0.0,31.27
2025-08-11,France,Paid Search,11,427,2.58,3.7,1.0536,Improving,19259.0,2432.38,791.78,226.92
2025-08-18,France,Paid Search,15,53,28.3,9.66,10.9863,Improving,18433.3,15101.07,122.07,249.24
2025-08-25,France,Paid Search,7,351,1.99,8.83,0.0705,Declining,6353.14,17295.07,36.73,237.64
2025-09-01,France,Paid Search,9,180,5.0,9.47,2.5071,Improving,10037.32,20276.26,49.5,250.02
2025-09-08,France,Paid Search,6,365,1.64,9.24,0.3288,Declining,947.17,18843.62,5.03,53.33
2025-09-15,France,Paid Search,5,280,1.79,2.61,1.0863,Improving,5782.03,11493.94,50.31,35.39
2025-09-22,France,Paid Search,15,437,3.43,2.97,1.9222,Improving,9771.4,19671.8,49.67,38.63
2025-09-29,France,Paid Search,13,287,4.53,2.85,1.3196,Improving,1979.08,5685.81,34.81,34.95
2025-10-06,France,Paid Search,14,271,5.17,3.73,1.1405,Improving,6357.23,15249.18,41.69,44.12
2025-10-13,France,Paid Search,13,213,6.1,4.81,1.1814,Improving,17934.09,17759.6,100.98,56.79
2025-10-20,France,Paid Search,11,224,4.91,5.18,0.8046,Declining,0.0,13923.0,0.0,44.37
2025-10-27,France,Paid Search,7,213,3.29,4.87,0.6692,Declining,11053.26,21817.3,50.66,48.33
2025-11-03,France,Paid Search,14,496,2.82,4.28,0.8589,Declining,684.66,2399.8,28.53,45.04
2025-11-10,France,Paid Search,8,208,3.85,3.72,1.3626,Improving,10875.1,8925.98,121.84,50.26
2025-11-17,France,Paid Search,9,360,2.5,3.11,0.65,Declining,10382.22,18814.17,55.18,64.05
2025-11-24,France,Paid Search,8,426,1.88,2.76,0.7512,Declining,0.0,17819.32,0.0,51.39
2025-12-01,France,Paid Search,23,436,5.28,3.37,2.8091,Improving,16901.87,6231.78,271.22,112.06
2025-12-08,France,Paid Search,15,288,5.21,3.72,0.9873,Declining,5612.97,2174.33,258.15,146.14
2025-12-15,France,Paid Search,15,303,4.95,4.33,0.9505,Declining,2553.11,22763.39,11.22,135.15
2025-12-22,France,Paid Search,13,151,8.61,6.01,1.7391,Improving,15683.03,17406.39,90.1,157.67
2025-12-29,France,Paid Search,4,332,1.2,4.99,0.1399,Declining,0.0,2502.98,0.0,89.87
2025-01-06,France,Paid Social,7,74,9.46,9.46,,No Prior Week,9292.95,9593.69,96.87,96.87
2025-01-13,France,Paid Social,6,481,1.25,5.35,0.1319,Declining,7777.74,10680.1,72.82,84.84
2025-01-20,France,Paid Social,8,192,4.17,4.96,3.3403,Improving,2340.51,5732.51,40.83,70.17
2025-01-27,France,Paid Social,7,159,4.4,4.82,1.0566,Improving,8668.1,13874.32,62.48,68.25
2025-02-03,France,Paid Social,15,349,4.3,3.53,0.9763,Declining,8336.55,14708.25,56.68,58.2
2025-02-10,France,Paid Social,12,325,3.69,4.14,0.8591,Declining,15870.05,9482.33,167.36,81.84
2025-02-17,France,Paid Social,11,187,5.88,4.57,1.5931,Improving,0.0,19123.65,0.0,71.63
2025-02-24,France,Paid Social,14,418,3.35,4.31,0.5694,Declining,3221.51,2616.77,123.11,86.79
2025-03-03,France,Paid Social,13,91,14.29,6.8,4.2653,Improving,16663.38,23927.81,69.64,90.03
2025-03-10,France,Paid Social,10,332,3.01,6.63,0.2108,Declining,3173.76,18354.96,17.29,52.51
2025-03-17,France,Paid Social,7,88,7.95,7.15,2.6409,Improving,3292.26,3970.05,82.93,73.24
2025-03-24,France,Paid Social,17,103,16.5,10.44,2.0749,Improving,2451.09,21966.58,11.16,45.25
2025-03-31,France,Paid Social,6,89,6.74,8.55,0.4085,Declining,19683.31,23592.64,83.43,48.7
2025-04-07,France,Paid Social,10,291,3.44,8.66,0.5097,Declining,19011.68,20678.74,91.94,67.36
2025-04-14,France,Paid Social,16,119,13.45,10.03,3.9126,Improving,0.0,12100.98,0.0,46.63
2025-04-21,France,Paid Social,15,244,6.15,7.44,0.4572,Declining,7215.1,6697.88,107.72,70.77
2025-04-28,France,Paid Social,15,142,10.56,8.4,1.7183,Improving,7476.37,6806.99,109.83,77.37
2025-05-05,France,Paid Social,12,441,2.72,8.22,0.2576,Declining,4970.5,6647.77,74.77,73.08
2025-05-12,France,Paid Social,14,133,10.53,7.49,3.8684,Improving,10426.65,17994.29,57.94,87.57
2025-05-19,France,Paid Social,13,315,4.13,6.98,0.3921,Declining,9064.23,16980.38,53.38,73.98
2025-05-26,France,Paid Social,16,451,3.55,5.23,0.8596,Declining,8611.61,15007.36,57.38,60.87
2025-06-02,France,Paid Social,11,135,8.15,6.59,2.2968,Improving,0.0,14233.92,0.0,42.18
2025-06-09,France,Paid Social,15,259,5.79,5.4,0.7108,Declining,13454.18,20995.86,64.08,43.71
2025-06-16,France,Paid Social,12,393,3.05,5.14,0.5272,Declining,1503.74,24822.68,6.06,31.88
2025-06-23,France,Paid Social,20,242,8.26,6.31,2.7066,Improving,15630.54,8671.69,180.25,62.6
2025-06-30,France,Paid Social,17,79,21.52,9.66,2.6038,Improving,12485.61,23640.99,52.81,75.8
2025-07-07,France,Paid Social,16,293,5.46,9.57,0.2538,Declining,17518.12,5497.35,318.66,139.45
2025-07-14,France,Paid Social,15,322,4.66,9.98,0.8531,Declining,2309.92,19511.51,11.84,140.89
2025-07-21,France,Paid Social,10,58,17.24,12.22,3.7011,Improving,14406.58,12291.27,117.21,125.13
2025-07-28,France,Paid Social,12,168,7.14,8.63,0.4143,Declining,16105.21,23075.27,69.79,129.38
2025-08-04,France,Paid Social,13,466,2.79,7.96,0.3906,Declining,8013.19,8445.65,94.88,73.43
2025-08-11,France,Paid Social,12,429,2.8,7.49,1.0027,Improving,6641.66,15741.18,42.19,81.02
2025-08-18,France,Paid Social,26,187,13.9,6.66,4.9706,Improving,12184.9,5280.57,230.75,109.4
2025-08-25,France,Paid Social,12,329,3.65,5.78,0.2623,Declining,14769.63,18747.14,78.78,111.65
2025-09-01,France,Paid Social,11,190,5.79,6.53,1.5873,Improving,9350.41,3271.63,285.8,159.38
2025-09-08,France,Paid Social,8,110,7.27,7.65,1.2562,Improving,5235.29,3635.64,144.0,184.83
2025-09-15,France,Paid Social,18,450,4.0,5.18,0.55,Declining,2697.27,17783.6,15.17,130.94
2025-09-22,France,Paid Social,15,285,5.26,5.58,1.3158,Improving,0.0,14573.52,0.0,111.24
2025-09-29,France,Paid Social,10,259,3.86,5.1,0.7336,Declining,3178.81,9916.74,32.05,47.81
2025-10-06,France,Paid Social,14,229,6.11,4.81,1.5834,Improving,11226.0,16340.98,68.7,28.98
2025-10-13,France,Paid Social,16,242,6.61,5.46,1.0815,Improving,14085.11,23355.77,60.31,40.27
2025-10-20,France,Paid Social,13,481,2.7,4.82,0.4088,Declining,0.0,20663.87,0.0,40.27
2025-10-27,France,Paid Social,15,111,13.51,7.24,5.0,Improving,13085.24,19501.58,67.1,49.03
2025-11-03,France,Paid Social,24,337,7.12,7.49,0.527,Declining,17793.77,19166.68,92.84,55.06
2025-11-10,France,Paid Social,10,211,4.74,7.02,0.6655,Declining,12604.42,7788.34,161.84,80.44
2025-11-17,France,Paid Social,11,328,3.35,7.18,0.7076,Declining,10784.54,8632.98,124.92,111.67
2025-11-24,France,Paid Social,15,398,3.77,4.75,1.1238,Improving,18166.29,22792.2,79.7,114.83
2025-12-01,France,Paid Social,14,117,11.97,5.96,3.1749,Improving,6373.4,22206.41,28.7,98.79
2025-12-08,France,Paid Social,14,134,10.45,7.38,0.8731,Declining,2266.76,3894.1,58.21,72.88
2025-12-15,France,Paid Social,16,452,3.54,7.43,0.3388,Declining,8164.42,1480.25,551.56,179.54
2025-12-22,France,Paid Social,4,181,2.21,7.04,0.6243,Declining,12654.28,19791.26,63.94,175.6
2025-12-29,France,Paid Social,4,75,5.33,5.38,2.4133,Improving,18868.82,8896.75,212.09,221.45
2025-01-06,France,Partnerships,4,304,1.32,1.32,,No Prior Week,9129.15,12190.87,74.89,74.89
2025-01-13,France,Partnerships,5,333,1.5,1.41,1.1411,Improving,3984.51,19258.33,20.69,47.79
2025-01-20,France,Partnerships,4,194,2.06,1.63,1.3732,Improving,19762.67,15160.78,130.35,75.31
2025-01-27,France,Partnerships,5,283,1.77,1.66,0.8569,Declining,6554.63,9889.5,66.28,73.05
2025-02-03,France,Partnerships,4,266,1.5,1.71,0.8511,Declining,10485.18,4249.93,246.71,116.01
2025-02-10,France,Partnerships,4,381,1.05,1.6,0.6982,Declining,5303.07,8313.56,63.79,126.78
2025-02-17,France,Partnerships,5,127,3.94,2.06,3.75,Improving,12634.62,4770.66,264.84,160.41
2025-02-24,France,Partnerships,5,284,1.76,2.06,0.4472,Declining,8003.09,17865.55,44.8,155.03
2025-03-03,France,Partnerships,4,490,0.82,1.89,0.4637,Declining,16908.76,24611.28,68.7,110.53
2025-03-10,France,Partnerships,7,324,2.16,2.17,2.6466,Improving,18369.44,14747.98,124.56,125.72
2025-03-17,France,Partnerships,7,330,2.12,1.71,0.9818,Declining,9719.46,22840.32,42.55,70.15
2025-03-24,France,Partnerships,1,50,2.0,1.77,0.9429,Declining,11430.56,17226.71,66.35,75.54
2025-03-31,France,Partnerships,9,248,3.63,2.48,1.8145,Improving,885.16,15267.34,5.8,59.82
2025-04-07,France,Partnerships,5,405,1.23,2.25,0.3402,Declining,16833.22,3267.57,515.16,157.47
2025-04-14,France,Partnerships,5,126,3.97,2.71,3.2143,Improving,16749.33,18184.21,92.11,169.86
2025-04-21,France,Partnerships,6,211,2.84,2.92,0.7166,Declining,16354.14,15825.96,103.34,179.1
2025-04-28,France,Partnerships,7,128,5.47,3.38,1.9232,Improving,694.44,14830.57,4.68,178.82
2025-05-05,France,Partnerships,6,414,1.45,3.43,0.265,Declining,10192.27,5783.97,176.22,94.09
2025-05-12,France,Partnerships,5,306,1.63,2.85,1.1275,Improving,2844.72,3396.84,83.75,92.0
2025-05-19,France,Partnerships,4,348,1.15,2.43,0.7034,Declining,6373.94,19506.23,32.68,74.33
2025-05-26,France,Partnerships,7,166,4.22,2.11,3.6687,Improving,1930.14,8282.4,23.3,78.99
2025-06-02,France,Partnerships,4,292,1.37,2.09,0.3249,Declining,17883.9,6396.28,279.6,104.83
2025-06-09,France,Partnerships,4,329,1.22,1.99,0.8875,Declining,2128.79,21234.73,10.03,86.4
2025-06-16,France,Partnerships,1,467,0.21,1.75,0.1761,Declining,6090.26,11021.09,55.26,92.05
2025-06-23,France,Partnerships,3,341,0.88,0.92,4.1085,Improving,0.0,15407.5,0.0,86.22
2025-06-30,France,Partnerships,7,125,5.6,1.98,6.3653,Improving,3016.29,21917.33,13.76,19.76
2025-07-07,France,Partnerships,4,480,0.83,1.88,0.1488,Declining,13430.49,4396.81,305.46,93.62
2025-07-14,France,Partnerships,4,412,0.97,2.07,1.165,Improving,0.0,9725.03,0.0,79.81
2025-07-21,France,Partnerships,6,282,2.13,2.38,2.1915,Improving,19544.09,16134.64,121.13,110.09
2025-07-28,France,Partnerships,5,359,1.39,1.33,0.6546,Declining,9900.33,2163.96,457.51,221.03
2025-08-04,France,Partnerships,6,488,1.23,1.43,0.8828,Declining,1093.28,14852.19,7.36,146.5
2025-08-11,France,Partnerships,5,103,4.85,2.4,3.9482,Improving,16455.76,23809.75,69.11,163.78
2025-08-18,France,Partnerships,4,189,2.12,2.4,0.436,Declining,15789.91,20124.86,78.46,153.11
2025-08-25,France,Partnerships,9,315,2.86,2.76,1.35,Improving,3007.58,23053.74,13.05,42.0
2025-09-01,France,Partnerships,7,360,1.94,2.94,0.6806,Declining,11705.82,2482.19,471.59,158.05
2025-09-08,France,Partnerships,7,88,7.95,3.72,4.0909,Improving,13546.7,16000.51,84.66,161.94
2025-09-15,France,Partnerships,6,441,1.36,3.53,0.171,Declining,11823.28,1013.58,1166.49,433.95
2025-09-22,France,Partnerships,3,474,0.63,2.97,0.4652,Declining,0.0,12773.16,0.0,430.69
2025-09-29,France,Partnerships,5,258,1.94,2.97,3.062,Improving,12905.41,3475.76,371.3,405.61
2025-10-06,France,Partnerships,3,305,0.98,1.23,0.5075,Declining,16481.69,21300.95,77.38,403.79
2025-10-13,France,Partnerships,10,122,8.2,2.94,8.3333,Improving,14811.01,3186.64,464.78,228.36
2025-10-20,France,Partnerships,4,166,2.41,3.38,0.294,Declining,6531.4,21192.3,30.82,236.07
2025-10-27,France,Partnerships,2,118,1.69,3.32,0.7034,Declining,16696.53,7220.07,231.25,201.06
2025-11-03,France,Partnerships,3,264,1.14,3.36,0.6705,Declining,12994.37,24052.54,54.02,195.22
2025-11-10,France,Partnerships,4,427,0.94,1.54,0.8244,Declining,11334.62,17647.7,64.23,95.08
2025-11-17,France,Partnerships,6,471,1.27,1.26,1.3599,Improving,9210.29,13022.22,70.73,105.06
2025-11-24,France,Partnerships,10,388,2.58,1.48,2.0232,Improving,17581.62,3608.9,487.17,169.04
2025-12-01,France,Partnerships,2,115,1.74,1.63,0.6748,Declining,1788.04,20313.95,8.8,157.73
2025-12-08,France,Partnerships,9,402,2.24,1.96,1.2873,Improving,13293.92,19003.21,69.96,159.16
2025-12-15,France,Partnerships,2,472,0.42,1.74,0.1893,Declining,15453.55,21719.55,71.15,159.27
2025-12-22,France,Partnerships,3,309,0.97,1.34,2.2913,Improving,11188.59,22010.0,50.83,50.19
2025-12-29,France,Partnerships,1,420,0.24,0.97,0.2452,Declining,16225.65,3591.26,451.81,160.94
2025-01-06,Germany,Affiliate,8,80,10.0,10.0,,No Prior Week,7877.93,6466.66,121.82,121.82
2025-01-13,Germany,Affiliate,4,136,2.94,6.47,0.2941,Declining,7110.59,19600.8,36.28,79.05
2025-01-20,Germany,Affiliate,6,341,1.76,4.9,0.5982,Declining,17678.04,6440.07,274.5,144.2
2025-01-27,Germany,Affiliate,5,162,3.09,4.45,1.7541,Improving,18584.22,2929.32,634.42,266.76
2025-02-03,Germany,Affiliate,10,352,2.84,2.66,0.9205,Declining,9697.83,15982.25,60.68,251.47
2025-02-10,Germany,Affiliate,5,259,1.93,2.4,0.6795,Declining,7911.67,12485.16,63.37,258.24
2025-02-17,Germany,Affiliate,13,337,3.86,2.93,1.9982,Improving,17300.29,20414.88,84.74,210.8
2025-02-24,Germany,Affiliate,4,73,5.48,3.53,1.4204,Improving,0.0,10111.12,0.0,52.2
2025-03-03,Germany,Affiliate,3,389,0.77,3.01,0.1407,Declining,11824.01,16451.74,71.87,55.0
2025-03-10,Germany,Affiliate,7,111,6.31,4.1,8.1772,Improving,0.0,13499.36,0.0,39.15
2025-03-17,Germany,Affiliate,9,382,2.36,3.73,0.3736,Declining,11903.86,7333.93,162.31,58.55
2025-03-24,Germany,Affiliate,6,396,1.52,2.74,0.6431,Declining,17349.76,1195.05,1451.8,421.5
2025-03-31,Germany,Affiliate,8,147,5.44,3.9,3.5918,Improving,13587.73,12346.8,110.05,431.04
2025-04-07,Germany,Affiliate,9,135,6.67,4.0,1.225,Improving,6520.04,16991.07,38.37,440.63
2025-04-14,Germany,Affiliate,11,304,3.62,4.31,0.5428,Declining,19960.22,18202.09,109.66,427.47
2025-04-21,Germany,Affiliate,10,309,3.24,4.74,0.8944,Declining,14612.93,19056.53,76.68,83.69
2025-04-28,Germany,Affiliate,7,333,2.1,3.91,0.6495,Declining,15716.01,24254.87,64.8,72.38
2025-05-05,Germany,Affiliate,9,382,2.36,2.83,1.1208,Improving,709.26,21513.47,3.3,63.61
2025-05-12,Germany,Affiliate,8,210,3.81,2.88,1.6169,Improving,5529.29,12453.82,44.4,47.29
2025-05-19,Germany,Affiliate,10,172,5.81,3.52,1.5262,Improving,16695.4,24071.43,69.36,45.46
2025-05-26,Germany,Affiliate,8,73,10.96,5.73,1.8849,Improving,13913.27,2692.51,516.74,158.45
2025-06-02,Germany,Affiliate,9,486,1.85,5.61,0.169,Declining,13070.67,13451.77,97.17,181.92
2025-06-09,Germany,Affiliate,9,296,3.04,5.42,1.6419,Improving,4501.7,16228.19,27.74,177.75
2025-06-16,Germany,Affiliate,6,262,2.29,4.54,0.7532,Declining,12281.74,18719.73,65.61,176.81
2025-06-23,Germany,Affiliate,7,457,1.53,2.18,0.6689,Declining,0.0,22438.19,0.0,47.63
2025-06-30,Germany,Affiliate,5,386,1.3,2.04,0.8457,Declining,0.0,17249.37,0.0,23.34
2025-07-07,Germany,Affiliate,11,104,10.58,3.92,8.1654,Improving,0.0,12111.64,0.0,16.4
2025-07-14,Germany,Affiliate,9,168,5.36,4.69,0.5065,Declining,0.0,6017.21,0.0,0.0
2025-07-21,Germany,Affiliate,5,429,1.17,4.6,0.2176,Declining,0.0,18383.83,0.0,0.0
2025-07-28,Germany,Affiliate,7,418,1.67,4.69,1.4368,Improving,8391.22,11537.46,72.73,18.18
2025-08-04,Germany,Affiliate,7,105,6.67,3.72,3.981,Improving,0.0,14808.76,0.0,18.18
2025-08-11,Germany,Affiliate,13,87,14.94,6.11,2.2414,Improving,10487.77,7305.79,143.55,54.07
2025-08-18,Germany,Affiliate,4,263,1.52,6.2,0.1018,Declining,19720.65,20297.88,97.16,78.36
2025-08-25,Germany,Affiliate,5,462,1.08,6.05,0.7116,Declining,2819.89,21909.53,12.87,63.4
2025-09-01,Germany,Affiliate,8,189,4.23,5.44,3.9111,Improving,12322.62,24512.55,50.27,75.96
2025-09-08,Germany,Affiliate,8,300,2.67,2.38,0.63,Declining,13345.96,1453.21,918.38,269.67
2025-09-15,Germany,Affiliate,7,495,1.41,2.35,0.5303,Declining,889.08,22472.26,3.96,246.37
2025-09-22,Germany,Affiliate,7,144,4.86,3.29,3.4375,Improving,2809.1,18145.52,15.48,247.02
2025-09-29,Germany,Affiliate,8,102,7.84,4.2,1.6134,Improving,13392.14,5512.81,242.93,295.19
2025-10-06,Germany,Affiliate,6,432,1.39,3.88,0.1771,Declining,0.0,21573.11,0.0,65.59
2025-10-13,Germany,Affiliate,13,402,3.23,4.33,2.3284,Improving,0.0,20719.97,0.0,64.6
2025-10-20,Germany,Affiliate,10,188,5.32,4.45,1.6448,Improving,12053.9,12858.06,93.75,84.17
2025-10-27,Germany,Affiliate,5,167,2.99,3.23,0.5629,Declining,10762.25,4970.31,216.53,77.57
2025-11-03,Germany,Affiliate,6,165,3.64,3.8,1.2145,Improving,8258.42,22238.03,37.14,86.85
2025-11-10,Germany,Affiliate,6,133,4.51,4.12,1.2406,Improving,10072.47,7728.45,130.33,119.44
2025-11-17,Germany,Affiliate,12,386,3.11,3.56,0.6891,Declining,6061.06,7148.05,84.79,117.2
2025-11-24,Germany,Affiliate,10,151,6.62,4.47,2.1302,Improving,13698.91,24831.88,55.17,76.86
2025-12-01,Germany,Affiliate,13,256,5.08,4.83,0.7668,Declining,17973.49,17317.91,103.79,93.52
2025-12-08,Germany,Affiliate,9,119,7.56,5.59,1.4893,Improving,14413.45,16881.97,85.38,82.28
2025-12-15,Germany,Affiliate,10,135,7.41,6.67,0.9794,Declining,8184.6,8750.06,93.54,84.47
2025-12-22,Germany,Affiliate,9,211,4.27,6.08,0.5758,Declining,4099.99,17125.42,23.94,76.66
2025-12-29,Germany,Affiliate,4,79,5.06,6.07,1.1871,Improving,2799.45,13782.51,20.31,55.79
2025-01-06,Germany,Organic,9,271,3.32,3.32,,No Prior Week,19138.13,6532.65,292.96,292.96
2025-01-13,Germany,Organic,19,99,19.19,11.26,5.7789,Improving,11135.18,24943.13,44.64,168.8
2025-01-20,Germany,Organic,10,393,2.54,8.35,0.1326,Declining,0.0,1183.75,0.0,112.53
2025-01-27,Germany,Organic,18,223,8.07,8.28,3.1722,Improving,8040.73,6970.61,115.35,113.24
2025-02-03,Germany,Organic,14,427,3.28,8.27,0.4062,Declining,10250.14,1117.18,917.5,269.37
2025-02-10,Germany,Organic,20,417,4.8,4.67,1.4628,Improving,0.0,24359.44,0.0,258.21
2025-02-17,Germany,Organic,12,375,3.2,4.84,0.6672,Declining,17721.34,14024.93,126.36,289.8
2025-02-24,Germany,Organic,8,264,3.03,3.58,0.947,Declining,1867.85,13328.48,14.01,264.47
2025-03-03,Germany,Organic,13,201,6.47,4.37,2.1343,Improving,15261.63,9929.26,153.7,73.52
2025-03-10,Germany,Organic,18,452,3.98,4.17,0.6157,Declining,17632.73,8229.86,214.25,127.08
2025-03-17,Germany,Organic,7,456,1.54,3.75,0.3855,Declining,17519.76,24230.04,72.31,113.57
2025-03-24,Germany,Organic,12,123,9.76,5.44,6.3554,Improving,19426.92,1414.18,1373.72,453.5
2025-03-31,Germany,Organic,12,278,4.32,4.9,0.4424,Declining,18473.41,13004.57,142.05,450.58
2025-04-07,Germany,Organic,16,418,3.83,4.86,0.8868,Declining,15010.35,15970.28,93.99,420.52
2025-04-14,Germany,Organic,14,281,4.98,5.72,1.3016,Improving,11383.04,20613.06,55.22,416.25
2025-04-21,Germany,Organic,7,263,2.66,3.95,0.5342,Declining,8426.09,9482.19,88.86,95.03
2025-04-28,Germany,Organic,12,435,2.76,3.56,1.0365,Improving,10345.88,11977.87,86.37,81.11
2025-05-05,Germany,Organic,22,402,5.47,3.97,1.9838,Improving,7639.77,13767.78,55.49,71.49
2025-05-12,Germany,Organic,14,56,25.0,8.97,4.5682,Improving,7059.17,10823.58,65.22,73.99
2025-05-19,Germany,Organic,17,368,4.62,9.46,0.1848,Declining,13350.61,18001.93,74.16,70.31
2025-05-26,Germany,Organic,14,192,7.29,10.6,1.5784,Improving,11106.76,2809.06,395.39,147.57
2025-06-02,Germany,Organic,17,395,4.3,10.3,0.5902,Declining,0.0,12049.65,0.0,133.69
2025-06-09,Germany,Organic,13,135,9.63,6.46,2.2375,Improving,16515.46,11257.72,146.7,154.06
2025-06-16,Germany,Organic,10,174,5.75,6.74,0.5968,Declining,5682.26,2288.23,248.33,197.6
2025-06-23,Germany,Organic,10,278,3.6,5.82,0.6259,Declining,6754.11,24557.33,27.5,105.63
2025-06-30,Germany,Organic,21,365,5.75,6.18,1.5995,Improving,16515.3,18786.91,87.91,127.61
2025-07-07,Germany,Organic,17,135,12.59,6.92,2.1887,Improving,0.0,17058.52,0.0,90.93
2025-07-14,Germany,Organic,4,132,3.03,6.24,0.2406,Declining,4351.09,8095.56,53.75,42.29
2025-07-21,Germany,Organic,15,334,4.49,6.47,1.482,Improving,15587.86,16111.24,96.75,59.6
2025-07-28,Germany,Organic,15,304,4.93,6.26,1.0987,Improving,0.0,16346.08,0.0,37.62
2025-08-04,Germany,Organic,8,463,1.73,3.55,0.3502,Declining,0.0,1461.61,0.0,37.62
2025-08-11,Germany,Organic,13,397,3.27,3.61,1.8952,Improving,0.0,1415.15,0.0,24.19
2025-08-18,Germany,Organic,9,126,7.14,4.27,2.1813,Improving,16913.1,6296.6,268.61,67.15
2025-08-25,Germany,Organic,11,183,6.01,4.54,0.8415,Declining,8203.25,10504.49,78.09,86.67
2025-09-01,Germany,Organic,11,464,2.37,4.7,0.3944,Declining,6450.74,10990.19,58.7,101.35
2025-09-08,Germany,Organic,11,159,6.92,5.61,2.9182,Improving,18171.61,7268.5,250.0,163.85
2025-09-15,Germany,Organic,10,70,14.29,7.4,2.0649,Improving,18542.81,6971.8,265.97,163.19
2025-09-22,Germany,Organic,17,482,3.53,6.78,0.2469,Declining,7283.99,16085.49,45.28,154.99
2025-09-29,Germany,Organic,16,171,9.36,8.52,2.6529,Improving,0.0,18794.53,0.0,140.31
2025-10-06,Germany,Organic,14,392,3.57,7.69,0.3817,Declining,7660.65,4689.66,163.35,118.65
2025-10-13,Germany,Organic,10,87,11.49,6.99,3.2184,Improving,739.81,8159.18,9.07,54.43
2025-10-20,Germany,Organic,7,390,1.79,6.55,0.1562,Declining,8554.03,4611.76,185.48,89.48
2025-10-27,Germany,Organic,19,382,4.97,5.46,2.7711,Improving,5748.19,12782.92,44.97,100.72
2025-11-03,Germany,Organic,13,301,4.32,5.65,0.8683,Declining,18631.78,17383.1,107.18,86.68
2025-11-10,Germany,Organic,17,355,4.79,3.97,1.1088,Improving,13106.65,12958.58,101.14,109.69
2025-11-17,Germany,Organic,12,353,3.4,4.37,0.7099,Declining,7133.44,2271.7,314.01,141.83
2025-11-24,Germany,Organic,10,158,6.33,4.71,1.8618,Improving,0.0,2578.59,0.0,130.58
2025-12-01,Germany,Organic,13,384,3.39,4.48,0.5349,Declining,9382.53,23364.24,40.16,113.83
2025-12-08,Germany,Organic,13,168,7.74,5.21,2.2857,Improving,1616.36,13985.87,11.56,91.43
2025-12-15,Germany,Organic,12,251,4.78,5.56,0.6178,Declining,8471.7,21888.55,38.7,22.6
2025-12-22,Germany,Organic,12,309,3.88,4.95,0.8123,Declining,3162.53,24419.32,12.95,25.84
2025-12-29,Germany,Organic,10,384,2.6,4.75,0.6706,Declining,988.16,7682.7,12.86,19.02
2025-01-06,Germany,Paid Search,15,489,3.07,3.07,,No Prior Week,6189.12,3273.84,189.05,189.05
2025-01-13,Germany,Paid Search,13,126,10.32,6.69,3.3635,Improving,18340.76,9549.08,192.07,190.56
2025-01-20,Germany,Paid Search,22,385,5.71,6.37,0.5538,Declining,16625.66,16672.65,99.72,160.28
2025-01-27,Germany,Paid Search,9,311,2.89,5.5,0.5064,Declining,0.0,10971.58,0.0,120.21
2025-02-03,Germany,Paid Search,9,140,6.43,6.34,2.2214,Improving,19412.77,1078.59,1799.83,522.9
2025-02-10,Germany,Paid Search,25,79,31.65,11.67,4.9226,Improving,0.0,18138.96,0.0,474.89
2025-02-17,Germany,Paid Search,11,484,2.27,10.81,0.0718,Declining,19259.61,13388.0,143.86,485.92
2025-02-24,Germany,Paid Search,12,493,2.43,10.7,1.071,Improving,1062.9,24667.7,4.31,487.0
2025-03-03,Germany,Paid Search,15,233,6.44,10.7,2.6448,Improving,6795.96,13986.77,48.59,49.19
2025-03-10,Germany,Paid Search,7,296,2.36,3.38,0.3673,Declining,0.0,11762.58,0.0,49.19
2025-03-17,Germany,Paid Search,17,332,5.12,4.09,2.1652,Improving,15039.96,14545.84,103.4,39.07
2025-03-24,Germany,Paid Search,16,379,4.22,4.54,0.8245,Declining,7580.54,14352.89,52.82,51.2
2025-03-31,Germany,Paid Search,16,73,21.92,8.41,5.1918,Improving,12161.21,19815.97,61.37,54.4
2025-04-07,Germany,Paid Search,12,462,2.6,8.46,0.1185,Declining,17653.56,5142.0,343.32,140.23
2025-04-14,Germany,Paid Search,15,139,10.79,9.88,4.1547,Improving,17232.09,24942.14,69.09,131.65
2025-04-21,Germany,Paid Search,13,177,7.34,10.66,0.6806,Declining,0.0,7641.46,0.0,118.44
2025-04-28,Germany,Paid Search,10,109,9.17,7.48,1.2491,Improving,6620.95,19615.44,33.75,111.54
2025-05-05,Germany,Paid Search,19,140,13.57,10.22,1.4793,Improving,17503.92,11653.01,150.21,63.26
2025-05-12,Germany,Paid Search,15,147,10.2,10.07,0.7519,Declining,11859.37,16095.72,73.68,64.41
2025-05-19,Germany,Paid Search,9,193,4.66,9.4,0.457,Declining,2346.16,8843.83,26.53,71.04
2025-05-26,Germany,Paid Search,12,412,2.91,7.84,0.6246,Declining,16789.0,15484.17,108.43,89.71
2025-06-02,Germany,Paid Search,12,312,3.85,5.41,1.3205,Improving,5200.07,19800.81,26.26,58.72
2025-06-09,Germany,Paid Search,15,426,3.52,3.74,0.9155,Declining,18898.48,23273.84,81.2,60.6
2025-06-16,Germany,Paid Search,15,246,6.1,4.09,1.7317,Improving,3567.32,17949.36,19.87,58.94
2025-06-23,Germany,Paid Search,10,239,4.18,4.41,0.6862,Declining,2410.33,24154.4,9.98,34.33
2025-06-30,Germany,Paid Search,17,192,8.85,5.66,2.1161,Improving,12332.19,1974.86,624.46,183.88
2025-07-07,Germany,Paid Search,18,463,3.89,5.76,0.4391,Declining,3710.63,3521.27,105.38,189.92
2025-07-14,Germany,Paid Search,13,100,13.0,7.48,3.3439,Improving,4894.58,11548.6,42.38,195.55
2025-07-21,Germany,Paid Search,14,440,3.18,7.23,0.2448,Declining,17564.02,20533.41,85.54,214.44
2025-07-28,Germany,Paid Search,11,444,2.48,5.64,0.7786,Declining,0.0,7861.36,0.0,58.32
2025-08-04,Germany,Paid Search,13,64,20.31,9.74,8.1989,Improving,7071.56,23844.63,29.66,39.39
2025-08-11,Germany,Paid Search,14,486,2.88,7.21,0.1418,Declining,3944.96,2826.16,139.59,63.7
2025-08-18,Germany,Paid Search,12,197,6.09,7.94,2.1146,Improving,1402.75,13429.05,10.45,44.92
2025-08-25,Germany,Paid Search,18,170,10.59,9.97,1.7382,Improving,12264.09,2331.13,526.1,176.45
2025-09-01,Germany,Paid Search,13,139,9.35,7.23,0.8833,Declining,4614.06,12755.62,36.17,178.08
2025-09-08,Germany,Paid Search,17,413,4.12,7.54,0.4401,Declining,16161.41,9241.88,174.87,186.9
2025-09-15,Germany,Paid Search,8,398,2.01,6.52,0.4883,Declining,17288.85,18749.55,92.21,207.34
2025-09-22,Germany,Paid Search,20,114,17.54,8.26,8.7281,Improving,18864.83,1956.43,964.25,316.88
2025-09-29,Germany,Paid Search,16,467,3.43,6.77,0.1953,Declining,11780.67,20520.12,57.41,322.18
2025-10-06,Germany,Paid Search,14,155,9.03,8.0,2.6363,Improving,15132.26,15327.05,98.73,303.15
2025-10-13,Germany,Paid Search,12,335,3.58,8.4,0.3966,Declining,18423.44,20440.48,90.13,302.63
2025-10-20,Germany,Paid Search,9,202,4.46,5.12,1.2438,Improving,0.0,13013.26,0.0,61.57
2025-10-27,Germany,Paid Search,11,370,2.97,5.01,0.6673,Declining,1944.54,16844.26,11.54,50.1
2025-11-03,Germany,Paid Search,13,326,3.99,3.75,1.3413,Improving,4444.82,15819.02,28.1,32.44
2025-11-10,Germany,Paid Search,8,379,2.11,3.38,0.5293,Declining,14715.6,19281.54,76.32,28.99
2025-11-17,Germany,Paid Search,15,475,3.16,3.06,1.4961,Improving,18710.95,8593.48,217.73,83.42
2025-11-24,Germany,Paid Search,10,167,5.99,3.81,1.8962,Improving,13045.54,21560.75,60.51,95.66
2025-12-01,Germany,Paid Search,13,274,4.74,4.0,0.7923,Declining,4446.03,18977.44,23.43,94.5
2025-12-08,Germany,Paid Search,14,244,5.74,4.91,1.2093,Improving,14473.83,4715.39,306.95,152.15
2025-12-15,Germany,Paid Search,14,406,3.45,4.98,0.601,Declining,6003.82,2746.62,218.59,152.37
2025-12-22,Germany,Paid Search,16,246,6.5,5.11,1.8862,Improving,9259.45,1972.85,469.34,254.58
2025-12-29,Germany,Paid Search,6,168,3.57,4.82,0.5491,Declining,16917.38,10830.56,156.2,287.77
2025-01-06,Germany,Paid Social,10,148,6.76,6.76,,No Prior Week,11033.56,13103.23,84.2,84.2
2025-01-13,Germany,Paid Social,10,488,2.05,4.4,0.3033,Declining,9556.6,19551.32,48.88,66.54
2025-01-20,Germany,Paid Social,16,51,31.37,13.39,15.3098,Improving,17709.51,4198.3,421.83,184.97
2025-01-27,Germany,Paid Social,11,155,7.1,11.82,0.2262,Declining,7650.18,19772.57,38.69,148.4
2025-02-03,Germany,Paid Social,12,80,15.0,13.88,2.1136,Improving,14799.37,8250.33,179.38,172.19
2025-02-10,Germany,Paid Social,16,111,14.41,16.97,0.961,Declining,0.0,15975.28,0.0,159.97
2025-02-17,Germany,Paid Social,15,271,5.54,10.51,0.384,Declining,2844.81,23250.38,12.24,57.58
2025-02-24,Germany,Paid Social,12,317,3.79,9.68,0.6839,Declining,0.0,21429.96,0.0,47.9
2025-03-03,Germany,Paid Social,17,172,9.88,8.4,2.6109,Improving,7809.35,19487.54,40.07,13.08
2025-03-10,Germany,Paid Social,19,360,5.28,6.12,0.534,Declining,10177.6,4345.13,234.23,71.63
2025-03-17,Germany,Paid Social,15,411,3.65,5.65,0.6915,Declining,10209.51,10193.5,100.16,93.62
2025-03-24,Germany,Paid Social,19,275,6.91,6.43,1.8931,Improving,17788.84,12401.27,143.44,129.48
2025-03-31,Germany,Paid Social,11,101,10.89,6.68,1.5763,Improving,2648.59,4617.92,57.35,133.8
2025-04-07,Germany,Paid Social,15,249,6.02,6.87,0.5531,Declining,3232.37,16770.48,19.27,80.06
2025-04-14,Germany,Paid Social,19,388,4.9,7.18,0.8129,Declining,13384.07,2129.7,628.45,212.13
2025-04-21,Germany,Paid Social,13,289,4.5,6.58,0.9186,Declining,3628.6,3280.59,110.61,203.92
2025-04-28,Germany,Paid Social,15,301,4.98,5.1,1.1078,Improving,16553.56,7911.14,209.24,241.89
2025-05-05,Germany,Paid Social,14,246,5.69,5.02,1.142,Improving,15718.77,22501.27,69.86,254.54
2025-05-12,Germany,Paid Social,13,327,3.98,4.79,0.6986,Declining,0.0,6767.11,0.0,97.43
2025-05-19,Germany,Paid Social,22,227,9.69,6.09,2.4378,Improving,5243.33,15420.07,34.0,78.28
2025-05-26,Germany,Paid Social,21,209,10.05,7.35,1.0368,Improving,12801.2,22506.47,56.88,40.18
2025-06-02,Germany,Paid Social,17,353,4.82,7.13,0.4793,Declining,14469.52,13525.88,106.98,49.46
2025-06-09,Germany,Paid Social,5,260,1.92,6.62,0.3993,Declining,5173.08,17506.28,29.55,56.85
2025-06-16,Germany,Paid Social,15,444,3.38,5.04,1.7568,Improving,17224.7,2235.02,770.67,241.02
2025-06-23,Germany,Paid Social,17,216,7.87,4.5,2.3296,Improving,4825.93,1054.49,457.66,341.21
2025-06-30,Germany,Paid Social,14,136,10.29,5.87,1.308,Improving,5175.58,1228.72,421.22,419.77
2025-07-07,Germany,Paid Social,12,283,4.24,6.45,0.4119,Declining,14999.15,13774.61,108.89,439.61
2025-07-14,Germany,Paid Social,13,171,7.6,7.5,1.7929,Improving,11880.6,6909.59,171.94,289.93
2025-07-21,Germany,Paid Social,16,130,12.31,8.61,1.6189,Improving,17727.65,7008.07,252.96,238.75
2025-07-28,Germany,Paid Social,18,405,4.44,7.15,0.3611,Declining,15943.64,18342.62,86.92,155.18
2025-08-04,Germany,Paid Social,22,441,4.99,7.34,1.1224,Improving,8197.5,20359.39,40.26,138.02
2025-08-11,Germany,Paid Social,14,458,3.06,6.2,0.6127,Declining,6441.66,14421.38,44.67,106.2
2025-08-18,Germany,Paid Social,5,284,1.76,3.56,0.576,Declining,8707.77,2021.7,430.72,150.64
2025-08-25,Germany,Paid Social,13,104,12.5,5.58,7.1,Improving,16765.92,6407.58,261.66,194.33
2025-09-01,Germany,Paid Social,14,376,3.72,5.26,0.2979,Declining,18815.9,15181.02,123.94,215.25
2025-09-08,Germany,Paid Social,15,346,4.34,5.58,1.1643,Improving,12462.18,17607.35,70.78,221.77
2025-09-15,Germany,Paid Social,11,423,2.6,5.79,0.5998,Declining,6832.59,13094.38,52.18,127.14
2025-09-22,Germany,Paid Social,16,450,3.56,3.55,1.3673,Improving,16265.12,22646.21,71.82,79.68
2025-09-29,Germany,Paid Social,11,115,9.57,5.01,2.6902,Improving,17681.93,4985.39,354.67,137.36
2025-10-06,Germany,Paid Social,12,286,4.2,4.98,0.4387,Declining,17265.27,22835.42,75.61,138.57
2025-10-13,Germany,Paid Social,9,425,2.12,4.86,0.5047,Declining,6186.74,4816.45,128.45,157.64
2025-10-20,Germany,Paid Social,11,106,10.38,6.56,4.9004,Improving,1247.73,7811.73,15.97,143.68
2025-10-27,Germany,Paid Social,9,75,12.0,7.17,1.1564,Improving,15483.15,6193.52,249.99,117.5
2025-11-03,Germany,Paid Social,13,143,9.09,8.4,0.7576,Declining,19438.3,19311.27,100.66,123.77
2025-11-10,Germany,Paid Social,13,198,6.57,9.51,0.7222,Declining,18374.7,4487.14,409.5,194.03
2025-11-17,Germany,Paid Social,15,374,4.01,7.92,0.6109,Declining,4921.64,16205.74,30.37,197.63
2025-11-24,Germany,Paid Social,12,177,6.78,6.61,1.6904,Improving,6866.91,7297.65,94.1,158.66
2025-12-01,Germany,Paid Social,13,340,3.82,5.29,0.564,Declining,5424.34,21182.49,25.61,139.89
2025-12-08,Germany,Paid Social,18,280,6.43,5.26,1.6813,Improving,0.0,24941.58,0.0,37.52
2025-12-15,Germany,Paid Social,4,463,0.86,4.47,0.1344,Declining,662.26,16431.62,4.03,30.93
2025-12-22,Germany,Paid Social,8,428,1.87,3.25,2.1636,Improving,5700.23,1668.89,341.56,92.8
2025-12-29,Germany,Paid Social,6,356,1.69,2.71,0.9017,Declining,18930.91,1087.43,1740.89,521.62
2025-01-06,Germany,Partnerships,5,313,1.6,1.6,,No Prior Week,0.0,4530.22,0.0,0.0
2025-01-13,Germany,Partnerships,7,58,12.07,6.83,7.5552,Improving,1868.54,5429.6,34.41,17.21
2025-01-20,Germany,Partnerships,3,113,2.65,5.44,0.22,Declining,0.0,22228.81,0.0,11.47
2025-01-27,Germany,Partnerships,2,76,2.63,4.74,0.9912,Declining,6886.73,7417.82,92.84,31.81
2025-02-03,Germany,Partnerships,6,166,3.61,5.24,1.3735,Improving,11032.11,2760.89,399.59,131.71
2025-02-10,Germany,Partnerships,2,200,1.0,2.48,0.2767,Declining,0.0,17538.41,0.0,123.11
2025-02-17,Germany,Partnerships,9,243,3.7,2.74,3.7037,Improving,6211.34,15729.78,39.49,132.98
2025-02-24,Germany,Partnerships,6,332,1.81,2.53,0.488,Declining,7664.42,7568.43,101.27,135.09
2025-03-03,Germany,Partnerships,7,102,6.86,3.34,3.7974,Improving,1139.76,6910.13,16.49,39.31
2025-03-10,Germany,Partnerships,5,120,4.17,4.14,0.6071,Declining,3498.11,16495.26,21.21,44.61
2025-03-17,Germany,Partnerships,4,126,3.17,4.0,0.7619,Declining,11331.25,13680.43,82.83,55.45
2025-03-24,Germany,Partnerships,8,448,1.79,4.0,0.5625,Declining,14273.69,15929.78,89.6,52.53
2025-03-31,Germany,Partnerships,6,195,3.08,3.05,1.7231,Improving,10454.58,7144.96,146.32,84.99
2025-04-07,Germany,Partnerships,6,456,1.32,2.34,0.4276,Declining,0.0,10691.51,0.0,79.69
2025-04-14,Germany,Partnerships,5,184,2.72,2.22,2.0652,Improving,4494.05,21148.38,21.25,64.29
2025-04-21,Germany,Partnerships,5,262,1.91,2.25,0.7023,Declining,19472.37,24380.42,79.87,61.86
2025-04-28,Germany,Partnerships,4,205,1.95,1.97,1.0224,Improving,641.18,2210.63,29.0,32.53
2025-05-05,Germany,Partnerships,4,58,6.9,3.37,3.5345,Improving,0.0,21999.82,0.0,32.53
2025-05-12,Germany,Partnerships,6,110,5.45,4.05,0.7909,Declining,15704.98,24960.09,62.92,42.95
2025-05-19,Germany,Partnerships,11,439,2.51,4.2,0.4594,Declining,9908.55,3541.34,279.8,92.93
2025-05-26,Germany,Partnerships,5,445,1.12,4.0,0.4484,Declining,17744.6,21666.38,81.9,106.15
2025-06-02,Germany,Partnerships,6,52,11.54,5.16,10.2692,Improving,7184.81,18401.41,39.04,115.92
2025-06-09,Germany,Partnerships,5,262,1.91,4.27,0.1654,Declining,13572.18,10711.32,126.71,131.86
2025-06-16,Germany,Partnerships,6,274,2.19,4.19,1.1474,Improving,15515.87,18528.41,83.74,82.85
2025-06-23,Germany,Partnerships,4,250,1.6,4.31,0.7307,Declining,13171.81,19133.17,68.84,79.58
2025-06-30,Germany,Partnerships,7,332,2.11,1.95,1.3178,Improving,0.0,15805.79,0.0,69.82
2025-07-07,Germany,Partnerships,5,491,1.02,1.73,0.483,Declining,9014.36,23946.65,37.64,47.56
2025-07-14,Germany,Partnerships,3,196,1.53,1.56,1.5031,Improving,10451.06,22736.09,45.97,38.11
2025-07-21,Germany,Partnerships,4,266,1.5,1.54,0.9825,Declining,6600.26,5080.67,129.91,53.38
2025-07-28,Germany,Partnerships,9,408,2.21,1.56,1.4669,Improving,1888.95,4523.7,41.76,63.82
2025-08-04,Germany,Partnerships,5,64,7.81,3.26,3.5417,Improving,12596.49,20713.9,60.81,69.61
2025-08-11,Germany,Partnerships,5,199,2.51,3.51,0.3216,Declining,6067.15,12687.58,47.82,70.07
2025-08-18,Germany,Partnerships,6,355,1.69,3.56,0.6727,Declining,1142.27,15958.38,7.16,39.39
2025-08-25,Germany,Partnerships,2,273,0.73,3.19,0.4335,Declining,6228.77,15491.7,40.21,39.0
2025-09-01,Germany,Partnerships,4,468,0.85,1.45,1.1667,Improving,4466.59,4515.18,98.92,48.53
2025-09-08,Germany,Partnerships,7,436,1.61,1.22,1.8784,Improving,0.0,6806.24,0.0,36.57
2025-09-15,Germany,Partnerships,4,67,5.97,2.29,3.7186,Improving,14516.21,14032.87,103.44,60.64
2025-09-22,Germany,Partnerships,4,404,0.99,2.36,0.1658,Declining,0.0,7258.3,0.0,50.59
2025-09-29,Germany,Partnerships,9,293,3.07,2.91,3.1024,Improving,12829.49,14102.16,90.98,48.6
2025-10-06,Germany,Partnerships,5,332,1.51,2.88,0.4903,Declining,542.28,21628.25,2.51,49.23
2025-10-13,Germany,Partnerships,8,118,6.78,3.09,4.5017,Improving,7897.56,13103.91,60.27,38.44
2025-10-20,Germany,Partnerships,3,190,1.58,3.23,0.2329,Declining,16849.47,22160.53,76.03,57.45
2025-10-27,Germany,Partnerships,5,323,1.55,2.85,0.9804,Declining,0.0,14954.37,0.0,34.7
2025-11-03,Germany,Partnerships,6,148,4.05,3.49,2.6189,Improving,17152.07,21460.66,79.92,54.06
2025-11-10,Germany,Partnerships,5,201,2.49,2.42,0.6136,Declining,12497.41,19688.1,63.48,54.86
2025-11-17,Germany,Partnerships,8,116,6.9,3.75,2.7724,Improving,10918.21,20303.78,53.77,49.29
2025-11-24,Germany,Partnerships,6,181,3.31,4.19,0.4807,Declining,19655.31,9528.25,206.28,100.86
2025-12-01,Germany,Partnerships,5,351,1.42,3.53,0.4297,Declining,3627.41,3563.8,101.78,106.33
2025-12-08,Germany,Partnerships,6,205,2.93,3.64,2.0546,Improving,7259.65,16868.13,43.04,101.22
2025-12-15,Germany,Partnerships,5,266,1.88,2.39,0.6422,Declining,5461.24,24897.31,21.94,93.26
2025-12-22,Germany,Partnerships,10,278,3.6,2.46,1.9137,Improving,19397.71,15679.06,123.72,72.62
2025-12-29,Germany,Partnerships,4,469,0.85,2.31,0.2371,Declining,0.0,22111.8,0.0,47.17
2025-01-06,Spain,Affiliate,10,151,6.62,6.62,,No Prior Week,0.0,16564.99,0.0,0.0
2025-01-13,Spain,Affiliate,5,426,1.17,3.9,0.1772,Declining,12394.65,21533.88,57.56,28.78
2025-01-20,Spain,Affiliate,3,94,3.19,3.66,2.7191,Improving,5390.0,16104.57,33.47,30.34
2025-01-27,Spain,Affiliate,9,423,2.13,3.28,0.6667,Declining,0.0,7779.62,0.0,22.76
2025-02-03,Spain,Affiliate,11,185,5.95,3.11,2.7946,Improving,12528.61,24363.37,51.42,35.61
2025-02-10,Spain,Affiliate,8,338,2.37,3.41,0.3981,Declining,0.0,18249.79,0.0,21.22
2025-02-17,Spain,Affiliate,4,246,1.63,3.02,0.687,Declining,8664.47,15909.23,54.46,26.47
2025-02-24,Spain,Affiliate,6,474,1.27,2.8,0.7785,Declining,2787.07,2329.98,119.62,56.38
2025-03-03,Spain,Affiliate,7,311,2.25,1.88,1.7781,Improving,9025.36,6733.39,134.04,77.03
2025-03-10,Spain,Affiliate,17,305,5.57,2.68,2.4763,Improving,4258.39,19384.18,21.97,82.52
2025-03-17,Spain,Affiliate,7,259,2.7,2.95,0.4849,Declining,19743.74,4744.02,416.18,172.95
2025-03-24,Spain,Affiliate,3,163,1.84,3.09,0.681,Declining,3718.82,15822.33,23.5,148.92
2025-03-31,Spain,Affiliate,6,446,1.35,2.87,0.7309,Declining,11084.23,12759.83,86.87,137.13
2025-04-07,Spain,Affiliate,7,74,9.46,3.84,7.0315,Improving,16217.26,10075.07,160.96,171.88
2025-04-14,Spain,Affiliate,10,334,2.99,3.91,0.3165,Declining,16415.77,3004.08,546.45,204.45
2025-04-21,Spain,Affiliate,7,272,2.57,4.09,0.8596,Declining,16346.43,6251.55,261.48,263.94
2025-04-28,Spain,Affiliate,13,314,4.14,4.79,1.6087,Improving,11958.43,8026.59,148.99,279.47
2025-05-05,Spain,Affiliate,8,319,2.51,3.05,0.6057,Declining,2081.33,3136.07,66.37,255.82
2025-05-12,Spain,Affiliate,4,173,2.31,2.88,0.922,Declining,12773.9,16093.36,79.37,139.05
2025-05-19,Spain,Affiliate,4,385,1.04,2.5,0.4494,Declining,8661.81,8690.07,99.67,98.6
2025-05-26,Spain,Affiliate,9,121,7.44,3.32,7.1591,Improving,7637.57,4973.76,153.56,99.74
2025-06-02,Spain,Affiliate,5,116,4.31,3.77,0.5795,Declining,2019.23,24295.08,8.31,85.23
2025-06-09,Spain,Affiliate,12,235,5.11,4.47,1.1847,Improving,14144.9,19395.81,72.93,83.62
2025-06-16,Spain,Affiliate,6,191,3.14,5.0,0.6152,Declining,2042.39,17993.89,11.35,61.54
2025-06-23,Spain,Affiliate,5,360,1.39,3.49,0.4421,Declining,5941.64,11168.12,53.2,36.45
2025-06-30,Spain,Affiliate,11,169,6.51,4.04,4.6864,Improving,1442.12,12109.18,11.91,37.35
2025-07-07,Spain,Affiliate,13,326,3.99,3.76,0.6127,Declining,0.0,13476.13,0.0,19.12
2025-07-14,Spain,Affiliate,10,144,6.94,4.71,1.7415,Improving,5024.2,13261.72,37.88,25.75
2025-07-21,Spain,Affiliate,11,435,2.53,4.99,0.3641,Declining,7305.29,9259.3,78.9,32.17
2025-07-28,Spain,Affiliate,9,404,2.23,3.92,0.881,Declining,17145.25,14611.66,117.34,58.53
2025-08-04,Spain,Affiliate,14,398,3.52,3.8,1.579,Improving,8012.59,4757.55,168.42,100.63
2025-08-11,Spain,Affiliate,7,247,2.83,2.78,0.8057,Declining,0.0,13914.96,0.0,91.16
2025-08-18,Spain,Affiliate,5,131,3.82,3.1,1.3468,Improving,0.0,19519.18,0.0,71.44
2025-08-25,Spain,Affiliate,9,252,3.57,3.43,0.9357,Declining,16258.19,2231.83,728.47,224.22
2025-09-01,Spain,Affiliate,9,76,11.84,5.52,3.3158,Improving,4597.66,10535.83,43.64,193.03
2025-09-08,Spain,Affiliate,5,124,4.03,5.82,0.3405,Declining,11540.57,14600.12,79.04,212.79
2025-09-15,Spain,Affiliate,12,53,22.64,10.52,5.6151,Improving,7186.83,10217.53,70.34,230.37
2025-09-22,Spain,Affiliate,12,377,3.18,10.42,0.1406,Declining,3793.02,20353.48,18.64,52.91
2025-09-29,Spain,Affiliate,5,367,1.36,7.8,0.428,Declining,11832.17,16498.06,71.72,59.93
2025-10-06,Spain,Affiliate,13,107,12.15,9.83,8.9178,Improving,0.0,19158.44,0.0,40.17
2025-10-13,Spain,Affiliate,7,244,2.87,4.89,0.2361,Declining,4395.5,4820.65,91.18,45.38
2025-10-20,Spain,Affiliate,5,216,2.31,4.67,0.8069,Declining,8285.87,23380.89,35.44,49.58
2025-10-27,Spain,Affiliate,9,327,2.75,5.02,1.189,Improving,11863.28,3485.11,340.4,116.75
2025-11-03,Spain,Affiliate,8,465,1.72,2.41,0.6251,Declining,1740.23,17676.45,9.84,119.22
2025-11-10,Spain,Affiliate,9,93,9.68,4.12,5.625,Improving,12001.49,1680.42,714.2,274.97
2025-11-17,Spain,Affiliate,11,428,2.57,4.18,0.2656,Declining,17929.69,4053.88,442.28,376.68
2025-11-24,Spain,Affiliate,8,126,6.35,5.08,2.4704,Improving,0.0,20956.02,0.0,291.58
2025-12-01,Spain,Affiliate,7,288,2.43,5.26,0.3828,Declining,2713.13,21371.61,12.7,292.29
2025-12-08,Spain,Affiliate,13,452,2.88,3.56,1.1833,Improving,0.0,1600.63,0.0,113.74
2025-12-15,Spain,Affiliate,11,343,3.21,3.72,1.115,Improving,0.0,6649.37,0.0,3.17
2025-12-22,Spain,Affiliate,6,298,2.01,2.63,0.6278,Declining,3548.72,8649.48,41.03,13.43
2025-12-29,Spain,Affiliate,2,493,0.41,2.13,0.2015,Declining,735.67,22920.94,3.21,11.06
2025-01-06,Spain,Organic,19,250,7.6,7.6,,No Prior Week,0.0,5100.96,0.0,0.0
2025-01-13,Spain,Organic,9,241,3.73,5.67,0.4914,Declining,19687.38,24614.41,79.98,39.99
2025-01-20,Spain,Organic,16,160,10.0,7.11,2.6778,Improving,0.0,21079.66,0.0,26.66
2025-01-27,Spain,Organic,9,116,7.76,7.27,0.7759,Declining,3737.64,23149.81,16.15,24.03
2025-02-03,Spain,Organic,14,79,17.72,9.8,2.2841,Improving,3373.88,10043.05,33.59,32.43
2025-02-10,Spain,Organic,15,404,3.71,9.8,0.2095,Declining,14830.86,10561.15,140.43,47.54
2025-02-17,Spain,Organic,16,181,8.84,9.51,2.3808,Improving,0.0,21192.99,0.0,47.54
2025-02-24,Spain,Organic,12,375,3.2,8.37,0.362,Declining,14796.6,22378.37,66.12,60.04
2025-03-03,Spain,Organic,18,110,16.36,8.03,5.1136,Improving,9218.37,22433.99,41.09,61.91
2025-03-10,Spain,Organic,13,111,11.71,10.03,0.7157,Declining,18750.0,5826.2,321.82,107.26
2025-03-17,Spain,Organic,9,489,1.84,8.28,0.1571,Declining,19025.12,3770.61,504.56,233.4
2025-03-24,Spain,Organic,13,393,3.31,8.31,1.7973,Improving,16085.81,7302.68,220.27,271.94
2025-03-31,Spain,Organic,21,320,6.56,5.86,1.9839,Improving,5064.43,3344.45,151.43,299.52
2025-04-07,Spain,Organic,8,446,1.79,3.38,0.2733,Declining,9804.32,2441.06,401.64,319.48
2025-04-14,Spain,Organic,19,227,8.37,5.01,4.6663,Improving,4477.22,17568.59,25.48,199.71
2025-04-21,Spain,Organic,13,497,2.62,4.84,0.3125,Declining,7615.55,23792.07,32.01,152.64
2025-04-28,Spain,Organic,5,257,1.95,3.68,0.7438,Declining,1319.88,21128.3,6.25,116.35
2025-05-05,Spain,Organic,18,403,4.47,4.35,2.2958,Improving,15077.84,9044.54,166.71,57.61
2025-05-12,Spain,Organic,5,219,2.28,2.83,0.5112,Declining,12139.99,19866.16,61.11,66.52
2025-05-19,Spain,Organic,16,433,3.7,3.1,1.6185,Improving,0.0,7143.32,0.0,58.52
2025-05-26,Spain,Organic,19,113,16.81,6.81,4.5503,Improving,3210.4,7643.05,42.0,67.45
2025-06-02,Spain,Organic,10,197,5.08,6.97,0.3019,Declining,3746.82,19306.92,19.41,30.63
2025-06-09,Spain,Organic,10,376,2.66,7.06,0.5239,Declining,12839.77,12836.52,100.03,40.36
2025-06-16,Spain,Organic,10,183,5.46,7.5,2.0546,Improving,16986.55,2841.43,597.82,189.81
2025-06-23,Spain,Organic,12,185,6.49,4.92,1.187,Improving,8778.22,19225.02,45.66,190.73
2025-06-30,Spain,Organic,14,348,4.02,4.66,0.6202,Declining,10382.66,23054.31,45.04,197.13
2025-07-07,Spain,Organic,12,103,11.65,6.91,2.896,Improving,1828.37,3510.05,52.09,185.15
2025-07-14,Spain,Organic,8,307,2.61,6.19,0.2237,Declining,0.0,23045.75,0.0,35.7
2025-07-21,Spain,Organic,8,488,1.64,4.98,0.6291,Declining,0.0,3151.92,0.0,24.28
2025-07-28,Spain,Organic,12,214,5.61,5.38,3.4206,Improving,14516.38,10637.57,136.46,47.14
2025-08-04,Spain,Organic,10,224,4.46,3.58,0.7961,Declining,11716.92,15105.96,77.56,53.51
2025-08-11,Spain,Organic,10,340,2.94,3.66,0.6588,Declining,3588.51,5831.22,61.54,68.89
2025-08-18,Spain,Organic,13,55,23.64,9.16,8.0364,Improving,11152.79,13954.7,79.92,88.87
2025-08-25,Spain,Organic,13,319,4.08,8.78,0.1724,Declining,0.0,11228.55,0.0,54.76
2025-09-01,Spain,Organic,8,161,4.97,8.91,1.2193,Improving,5307.34,8040.68,66.01,51.87
2025-09-08,Spain,Organic,17,409,4.16,9.21,0.8365,Declining,18917.67,8587.66,220.29,91.55
2025-09-15,Spain,Organic,12,475,2.53,3.93,0.6078,Declining,4108.99,3561.98,115.36,100.41
2025-09-22,Spain,Organic,13,351,3.7,3.84,1.466,Improving,19915.64,4097.84,486.0,221.91
2025-09-29,Spain,Organic,12,383,3.13,3.38,0.846,Declining,17935.62,2112.22,849.14,417.7
2025-10-06,Spain,Organic,10,82,12.2,5.39,3.8923,Improving,3353.79,17252.18,19.44,367.48
2025-10-13,Spain,Organic,13,254,5.12,6.04,0.4197,Declining,1403.41,22231.53,6.31,340.22
2025-10-20,Spain,Organic,9,118,7.63,7.02,1.4902,Improving,12670.25,2738.04,462.75,334.41
2025-10-27,Spain,Organic,16,351,4.56,7.37,0.5977,Declining,11723.94,5782.61,202.74,172.81
2025-11-03,Spain,Organic,11,357,3.08,5.1,0.6759,Declining,642.87,11578.7,5.55,169.34
2025-11-10,Spain,Organic,14,179,7.82,5.77,2.5383,Improving,18714.07,13489.79,138.73,202.44
2025-11-17,Spain,Organic,9,370,2.43,4.47,0.311,Declining,14400.21,4499.14,320.07,166.77
2025-11-24,Spain,Organic,19,181,10.5,5.96,4.3155,Improving,19633.05,7976.22,246.14,177.62
2025-12-01,Spain,Organic,13,139,9.35,7.53,0.891,Declining,10819.21,9446.07,114.54,204.87
2025-12-08,Spain,Organic,7,292,2.4,6.17,0.2563,Declining,8370.96,2247.22,372.5,263.31
2025-12-15,Spain,Organic,20,164,12.2,8.61,5.0871,Improving,1642.04,24673.96,6.65,184.96
2025-12-22,Spain,Organic,12,376,3.19,6.78,0.2617,Declining,0.0,22425.91,0.0,123.42
2025-12-29,Spain,Organic,4,63,6.35,6.03,1.9894,Improving,11717.88,17783.33,65.89,111.26
2025-01-06,Spain,Paid Search,12,289,4.15,4.15,,No Prior Week,2283.41,14393.56,15.86,15.86
2025-01-13,Spain,Paid Search,15,89,16.85,10.5,4.059,Improving,0.0,5138.5,0.0,7.93
2025-01-20,Spain,Paid Search,17,243,7.0,9.33,0.4151,Declining,0.0,13109.8,0.0,5.29
2025-01-27,Spain,Paid Search,12,418,2.87,7.72,0.4104,Declining,15367.13,19666.61,78.14,23.5
2025-02-03,Spain,Paid Search,10,438,2.28,7.25,0.7953,Declining,865.49,22678.27,3.82,20.49
2025-02-10,Spain,Paid Search,13,217,5.99,4.54,2.624,Improving,12852.73,20043.88,64.12,36.52
2025-02-17,Spain,Paid Search,9,318,2.83,3.49,0.4724,Declining,0.0,13847.42,0.0,36.52
2025-02-24,Spain,Paid Search,15,117,12.82,5.98,4.5299,Improving,1746.02,22081.82,7.91,18.96
2025-03-03,Spain,Paid Search,11,366,3.01,6.16,0.2344,Declining,13830.98,13656.15,101.28,43.33
2025-03-10,Spain,Paid Search,10,79,12.66,7.83,4.2117,Improving,0.0,7537.68,0.0,27.3
2025-03-17,Spain,Paid Search,11,272,4.04,8.13,0.3195,Declining,13959.26,18673.7,74.75,45.99
2025-03-24,Spain,Paid Search,12,112,10.71,7.61,2.6494,Improving,0.0,11672.89,0.0,44.01
2025-03-31,Spain,Paid Search,12,167,7.19,8.65,0.6707,Declining,7411.87,5592.6,132.53,51.82
2025-04-07,Spain,Paid Search,16,247,6.48,7.11,0.9015,Declining,2868.74,16178.16,17.73,56.25
2025-04-14,Spain,Paid Search,8,494,1.62,6.5,0.25,Declining,11774.8,6839.71,172.15,80.6
2025-04-21,Spain,Paid Search,14,180,7.78,5.77,4.8028,Improving,12393.14,14659.39,84.54,101.74
2025-04-28,Spain,Paid Search,13,131,9.92,6.45,1.2759,Improving,7964.37,1334.85,596.65,217.77
2025-05-05,Spain,Paid Search,17,309,5.5,6.21,0.5544,Declining,3717.53,16617.58,22.37,218.93
2025-05-12,Spain,Paid Search,8,487,1.64,6.21,0.2986,Declining,10207.39,2670.98,382.16,271.43
2025-05-19,Spain,Paid Search,9,388,2.32,4.85,1.412,Improving,0.0,8016.95,0.0,250.29
2025-05-26,Spain,Paid Search,12,469,2.56,3.01,1.1031,Improving,1971.85,12845.61,15.35,104.97
2025-06-02,Spain,Paid Search,16,92,17.39,5.98,6.7971,Improving,3794.57,20929.21,18.13,103.91
2025-06-09,Spain,Paid Search,16,67,23.88,11.54,1.3731,Improving,14309.35,11245.66,127.24,40.18
2025-06-16,Spain,Paid Search,12,168,7.14,12.74,0.2991,Declining,3450.99,11486.61,30.04,47.69
2025-06-23,Spain,Paid Search,17,429,3.96,13.09,0.5548,Declining,13479.61,3968.3,339.68,128.77
2025-06-30,Spain,Paid Search,15,147,10.2,11.3,2.575,Improving,12355.51,24845.71,49.73,136.67
2025-07-07,Spain,Paid Search,21,108,19.44,10.19,1.9056,Improving,9715.29,3038.3,319.76,184.8
2025-07-14,Spain,Paid Search,16,317,5.05,9.66,0.2596,Declining,19045.93,12490.4,152.48,215.41
2025-07-21,Spain,Paid Search,12,135,8.89,10.9,1.7611,Improving,9736.8,21666.87,44.94,141.73
2025-07-28,Spain,Paid Search,13,97,13.4,11.7,1.5077,Improving,19182.39,4693.59,408.69,231.47
2025-08-04,Spain,Paid Search,15,73,20.55,11.97,1.5332,Improving,19871.01,21109.95,94.13,175.06
2025-08-11,Spain,Paid Search,19,96,19.79,15.66,0.9632,Declining,18382.52,12136.9,151.46,174.81
2025-08-18,Spain,Paid Search,10,158,6.33,15.02,0.3198,Declining,2621.64,6349.16,41.29,173.89
2025-08-25,Spain,Paid Search,18,303,5.94,13.15,0.9386,Declining,19082.75,21979.15,86.82,93.43
2025-09-01,Spain,Paid Search,11,364,3.02,8.77,0.5087,Declining,7464.5,7757.98,96.22,93.95
2025-09-08,Spain,Paid Search,10,379,2.64,4.48,0.8731,Declining,0.0,6221.48,0.0,56.08
2025-09-15,Spain,Paid Search,15,369,4.07,3.92,1.5407,Improving,6322.97,11956.36,52.88,58.98
2025-09-22,Spain,Paid Search,5,497,1.01,2.68,0.2475,Declining,4516.95,6024.65,74.97,56.02
2025-09-29,Spain,Paid Search,9,298,3.02,2.68,3.002,Improving,8485.74,20760.15,40.88,42.18
2025-10-06,Spain,Paid Search,18,138,13.04,5.28,4.3188,Improving,11684.34,1506.16,775.77,236.13
2025-10-13,Spain,Paid Search,14,374,3.74,5.2,0.287,Declining,5515.48,7163.27,77.0,242.15
2025-10-20,Spain,Paid Search,12,76,15.79,8.9,4.218,Improving,4728.59,18132.39,26.08,229.93
2025-10-27,Spain,Paid Search,10,489,2.04,8.66,0.1295,Declining,17575.52,24090.43,72.96,237.95
2025-11-03,Spain,Paid Search,12,404,2.97,6.14,1.4525,Improving,13306.5,23538.99,56.53,58.14
2025-11-10,Spain,Paid Search,11,472,2.33,5.78,0.7846,Declining,8330.33,20759.77,40.13,48.92
2025-11-17,Spain,Paid Search,20,246,8.13,3.87,3.4885,Improving,0.0,20720.64,0.0,42.4
2025-11-24,Spain,Paid Search,5,60,8.33,5.44,1.025,Improving,5561.59,3023.44,183.95,70.15
2025-12-01,Spain,Paid Search,17,126,13.49,8.07,1.619,Improving,11988.84,2012.55,595.7,204.95
2025-12-08,Spain,Paid Search,10,80,12.5,10.61,0.9265,Declining,4415.41,5436.39,81.22,215.22
2025-12-15,Spain,Paid Search,11,316,3.48,9.45,0.2785,Declining,3746.08,12297.18,30.46,222.83
2025-12-22,Spain,Paid Search,15,400,3.75,8.31,1.0773,Improving,6941.51,20203.57,34.36,185.44
2025-12-29,Spain,Paid Search,6,232,2.59,5.58,0.6897,Declining,12043.98,22051.4,54.62,50.16
2025-01-06,Spain,Paid Social,14,91,15.38,15.38,,No Prior Week,16338.39,4830.92,338.2,338.2
2025-01-13,Spain,Paid Social,20,197,10.15,12.77,0.6599,Declining,2838.39,7309.46,38.83,188.52
2025-01-20,Spain,Paid Social,15,389,3.86,9.8,0.3798,Declining,19660.09,13336.5,147.42,174.82
2025-01-27,Spain,Paid Social,15,122,12.3,10.42,3.1885,Improving,16567.12,20360.31,81.37,151.46
2025-02-03,Spain,Paid Social,10,318,3.14,7.36,0.2558,Declining,15824.1,18542.93,85.34,88.24
2025-02-10,Spain,Paid Social,11,444,2.48,5.44,0.7878,Declining,1829.14,5615.64,32.57,86.67
2025-02-17,Spain,Paid Social,11,380,2.89,5.2,1.1684,Improving,15767.31,5216.75,302.24,125.38
2025-02-24,Spain,Paid Social,17,108,15.74,6.06,5.4377,Improving,13243.73,14909.34,88.83,127.25
2025-03-03,Spain,Paid Social,10,131,7.63,7.19,0.485,Declining,17312.31,16628.57,104.11,131.94
2025-03-10,Spain,Paid Social,22,189,11.64,9.48,1.5249,Improving,1386.63,10800.32,12.84,127.01
2025-03-17,Spain,Paid Social,6,394,1.52,9.13,0.1308,Declining,1392.25,8752.55,15.91,55.42
2025-03-24,Spain,Paid Social,13,237,5.49,6.57,3.602,Improving,10278.16,8721.91,117.84,62.68
2025-03-31,Spain,Paid Social,14,59,23.73,10.59,4.3259,Improving,6741.19,16127.16,41.8,47.1
2025-04-07,Spain,Paid Social,13,484,2.69,8.36,0.1132,Declining,2703.47,10254.97,26.36,50.48
2025-04-14,Spain,Paid Social,12,469,2.56,8.61,0.9526,Declining,10884.57,5539.2,196.5,95.63
2025-04-21,Spain,Paid Social,15,52,28.85,14.45,11.274,Improving,0.0,2596.64,0.0,66.17
2025-04-28,Spain,Paid Social,15,349,4.3,9.6,0.149,Declining,9477.46,4851.06,195.37,104.56
2025-05-05,Spain,Paid Social,11,397,2.77,9.62,0.6447,Declining,14360.43,12872.25,111.56,125.86
2025-05-12,Spain,Paid Social,11,182,6.04,10.49,2.1813,Improving,12144.27,21909.78,55.43,90.59
2025-05-19,Spain,Paid Social,15,384,3.91,4.25,0.6463,Declining,0.0,21366.57,0.0,90.59
2025-05-26,Spain,Paid Social,14,176,7.95,5.17,2.0364,Improving,847.67,14693.99,5.77,43.19
2025-06-02,Spain,Paid Social,9,124,7.26,6.29,0.9124,Declining,5655.77,20038.36,28.22,22.36
2025-06-09,Spain,Paid Social,21,258,8.14,6.81,1.1214,Improving,7432.0,5777.1,128.65,40.66
2025-06-16,Spain,Paid Social,8,433,1.85,6.3,0.227,Declining,16024.92,12982.92,123.43,71.52
2025-06-23,Spain,Paid Social,17,480,3.54,5.2,1.9169,Improving,19105.41,15905.81,120.12,100.1
2025-06-30,Spain,Paid Social,13,480,2.71,4.06,0.7647,Declining,4761.7,22581.14,21.09,98.32
2025-07-07,Spain,Paid Social,7,101,6.93,3.76,2.559,Improving,11651.62,17164.65,67.88,83.13
2025-07-14,Spain,Paid Social,13,424,3.07,4.06,0.4424,Declining,13291.8,24882.27,53.42,65.63
2025-07-21,Spain,Paid Social,19,323,5.88,4.65,1.9186,Improving,12782.79,3268.44,391.1,133.37
2025-07-28,Spain,Paid Social,15,391,3.84,4.93,0.6522,Declining,0.0,8202.34,0.0,128.1
2025-08-04,Spain,Paid Social,22,239,9.21,5.5,2.3994,Improving,14971.69,11992.22,124.85,142.34
2025-08-11,Spain,Paid Social,20,59,33.9,13.21,3.6826,Improving,0.0,16785.33,0.0,128.99
2025-08-18,Spain,Paid Social,11,92,11.96,14.72,0.3527,Declining,5660.68,16062.75,35.24,40.02
2025-08-25,Spain,Paid Social,14,73,19.18,18.56,1.604,Improving,5665.89,7489.03,75.66,58.94
2025-09-01,Spain,Paid Social,10,384,2.6,16.91,0.1358,Declining,0.0,3444.49,0.0,27.72
2025-09-08,Spain,Paid Social,13,451,2.88,9.16,1.1069,Improving,18396.61,16864.46,109.09,55.0
2025-09-15,Spain,Paid Social,14,287,4.88,7.39,1.6923,Improving,18368.44,19382.35,94.77,69.88
2025-09-22,Spain,Paid Social,10,323,3.1,3.37,0.6347,Declining,18017.88,19269.25,93.51,74.34
2025-09-29,Spain,Paid Social,13,89,14.61,6.37,4.718,Improving,7345.05,9963.46,73.72,92.77
2025-10-06,Spain,Paid Social,20,329,6.08,7.16,0.4162,Declining,7738.65,6778.61,114.16,94.04
2025-10-13,Spain,Paid Social,12,124,9.68,8.36,1.5919,Improving,19638.23,23759.84,82.65,91.01
2025-10-20,Spain,Paid Social,13,436,2.98,8.34,0.3081,Declining,11360.21,13005.08,87.35,89.47
2025-10-27,Spain,Paid Social,13,84,15.48,8.55,5.1905,Improving,10618.83,7392.79,143.64,106.95
2025-11-03,Spain,Paid Social,20,490,4.08,8.05,0.2637,Declining,12473.28,8331.66,149.71,115.84
2025-11-10,Spain,Paid Social,9,355,2.54,6.27,0.6211,Declining,12520.66,24209.49,51.72,108.1
2025-11-17,Spain,Paid Social,15,451,3.33,6.35,1.3119,Improving,4253.07,2050.29,207.44,138.13
2025-11-24,Spain,Paid Social,12,414,2.9,3.21,0.8715,Declining,17052.86,1292.32,1319.55,432.1
2025-12-01,Spain,Paid Social,24,422,5.69,3.61,1.9621,Improving,2318.35,22159.17,10.46,397.29
2025-12-08,Spain,Paid Social,15,409,3.67,3.89,0.6449,Declining,13867.42,7636.82,181.59,429.76
2025-12-15,Spain,Paid Social,10,406,2.46,3.68,0.6716,Declining,9551.2,15820.51,60.37,392.99
2025-12-22,Spain,Paid Social,10,56,17.86,7.42,7.25,Improving,2298.06,3651.4,62.94,78.84
2025-12-29,Spain,Paid Social,5,293,1.71,6.42,0.0956,Declining,0.0,12964.31,0.0,76.22
2025-01-06,Spain,Partnerships,7,403,1.74,1.74,,No Prior Week,2604.88,16019.14,16.26,16.26
2025-01-13,Spain,Partnerships,4,265,1.51,1.62,0.869,Declining,7524.83,18309.11,41.1,28.68
2025-01-20,Spain,Partnerships,7,347,2.02,1.75,1.3365,Improving,9498.82,18200.19,52.19,36.52
2025-01-27,Spain,Partnerships,5,403,1.24,1.63,0.615,Declining,0.0,14944.91,0.0,27.39
2025-02-03,Spain,Partnerships,10,396,2.53,1.82,2.0354,Improving,10996.23,1114.01,987.09,270.09
2025-02-10,Spain,Partnerships,2,446,0.45,1.56,0.1776,Declining,11186.66,9515.49,117.56,289.21
2025-02-17,Spain,Partnerships,3,483,0.62,1.21,1.3851,Improving,11897.18,13317.82,89.33,298.5
2025-02-24,Spain,Partnerships,6,148,4.05,1.91,6.527,Improving,0.0,13080.38,0.0,298.5
2025-03-03,Spain,Partnerships,2,434,0.46,1.4,0.1137,Declining,19350.89,14445.46,133.96,85.21
2025-03-10,Spain,Partnerships,2,371,0.54,1.42,1.1698,Improving,12782.94,4549.12,281.0,126.07
2025-03-17,Spain,Partnerships,9,435,2.07,1.78,3.8379,Improving,4989.54,2321.17,214.96,157.48
2025-03-24,Spain,Partnerships,2,68,2.94,1.5,1.4216,Improving,13114.53,13575.07,96.61,181.63
2025-03-31,Spain,Partnerships,5,213,2.35,1.97,0.7981,Declining,16631.83,23218.3,71.63,166.05
2025-04-07,Spain,Partnerships,7,403,1.74,2.27,0.74,Declining,0.0,1771.84,0.0,95.8
2025-04-14,Spain,Partnerships,5,349,1.43,2.11,0.8248,Declining,14427.06,9629.51,149.82,79.52
2025-04-21,Spain,Partnerships,7,192,3.65,2.29,2.5448,Improving,19483.96,11984.51,162.58,96.01
2025-04-28,Spain,Partnerships,6,75,8.0,3.7,2.1943,Improving,0.0,24545.15,0.0,78.1
2025-05-05,Spain,Partnerships,8,239,3.35,4.11,0.4184,Declining,2021.84,14566.56,13.88,81.57
2025-05-12,Spain,Partnerships,6,420,1.43,4.11,0.4268,Declining,13833.35,7862.53,175.94,88.1
2025-05-19,Spain,Partnerships,6,171,3.51,4.07,2.4561,Improving,0.0,24218.72,0.0,47.46
2025-05-26,Spain,Partnerships,4,265,1.51,2.45,0.4302,Declining,19461.43,6219.5,312.91,125.68
2025-06-02,Spain,Partnerships,5,455,1.1,1.89,0.728,Declining,0.0,10908.81,0.0,122.21
2025-06-09,Spain,Partnerships,9,462,1.95,2.02,1.7727,Improving,11151.26,14860.28,75.04,96.99
2025-06-16,Spain,Partnerships,3,355,0.85,1.35,0.4338,Declining,16573.23,18967.61,87.38,118.83
2025-06-23,Spain,Partnerships,3,288,1.04,1.23,1.2326,Improving,7037.1,15323.4,45.92,52.09
2025-06-30,Spain,Partnerships,3,165,1.82,1.41,1.7455,Improving,8705.36,15914.4,54.7,65.76
2025-07-07,Spain,Partnerships,1,476,0.21,0.98,0.1155,Declining,18440.44,13727.2,134.34,80.58
2025-07-14,Spain,Partnerships,7,83,8.43,2.88,40.1446,Improving,2137.08,24129.55,8.86,60.95
2025-07-21,Spain,Partnerships,6,439,1.37,2.96,0.1621,Declining,18951.31,18140.08,104.47,75.59
2025-07-28,Spain,Partnerships,4,301,1.33,2.83,0.9723,Declining,10758.59,7217.56,149.06,99.18
2025-08-04,Spain,Partnerships,5,211,2.37,3.37,1.7832,Improving,4176.07,22176.09,18.83,70.31
2025-08-11,Spain,Partnerships,7,478,1.46,1.63,0.618,Declining,12587.36,3964.12,317.53,147.47
2025-08-18,Spain,Partnerships,7,66,10.61,3.94,7.2424,Improving,0.0,21148.71,0.0,121.36
2025-08-25,Spain,Partnerships,3,464,0.65,3.77,0.061,Declining,13305.16,11336.12,117.37,113.43
2025-09-01,Spain,Partnerships,6,59,10.17,5.72,15.7288,Improving,4111.76,22417.31,18.34,113.31
2025-09-08,Spain,Partnerships,4,128,3.13,6.14,0.3073,Declining,685.0,14742.48,4.65,35.09
2025-09-15,Spain,Partnerships,5,220,2.27,4.05,0.7273,Declining,12779.27,23055.48,55.43,48.95
2025-09-22,Spain,Partnerships,10,334,2.99,4.64,1.3174,Improving,14055.44,15413.18,91.19,42.4
2025-09-29,Spain,Partnerships,7,375,1.87,2.56,0.6235,Declining,17750.34,11384.79,155.91,76.79
2025-10-06,Spain,Partnerships,2,374,0.53,1.92,0.2865,Declining,17783.02,14967.9,118.81,105.33
2025-10-13,Spain,Partnerships,6,273,2.2,1.9,4.1099,Improving,8187.81,2335.01,350.65,179.14
2025-10-20,Spain,Partnerships,6,327,1.83,1.61,0.8349,Declining,16417.11,3146.91,521.69,286.77
2025-10-27,Spain,Partnerships,4,144,2.78,1.84,1.5139,Improving,12569.12,6862.72,183.15,293.58
2025-11-03,Spain,Partnerships,2,171,1.17,2.0,0.4211,Declining,9896.5,2899.13,341.36,349.21
2025-11-10,Spain,Partnerships,11,295,3.73,2.38,3.1881,Improving,2104.93,8736.67,24.09,267.57
2025-11-17,Spain,Partnerships,5,166,3.01,2.67,0.8078,Declining,9656.71,13484.13,71.62,155.06
2025-11-24,Spain,Partnerships,6,277,2.17,2.52,0.7191,Declining,8927.68,12871.93,69.36,126.61
2025-12-01,Spain,Partnerships,5,400,1.25,2.54,0.5771,Declining,7746.87,12270.32,63.14,57.05
2025-12-08,Spain,Partnerships,3,78,3.85,2.57,3.0769,Improving,13318.58,2137.13,623.2,206.83
2025-12-15,Spain,Partnerships,8,391,2.05,2.33,0.532,Declining,12739.36,4233.77,300.9,264.15
2025-12-22,Spain,Partnerships,7,64,10.94,4.52,5.3457,Improving,0.0,23936.81,0.0,246.81
2025-12-29,Spain,Partnerships,2,84,2.38,4.8,0.2177,Declining,5052.16,16403.9,30.8,238.72
2025-01-06,UK,Affiliate,9,463,1.94,1.94,,No Prior Week,11770.64,22136.0,53.17,53.17
2025-01-13,UK,Affiliate,14,85,16.47,9.21,8.4732,Improving,11516.25,16305.82,70.63,61.9
2025-01-20,UK,Affiliate,5,334,1.5,6.64,0.0909,Declining,13532.76,4162.42,325.12,149.64
2025-01-27,UK,Affiliate,10,111,9.01,7.23,6.018,Improving,914.7,12202.13,7.5,114.1
2025-02-03,UK,Affiliate,5,412,1.21,7.05,0.1347,Declining,18549.51,16311.02,113.72,129.24
2025-02-10,UK,Affiliate,7,418,1.67,3.35,1.3799,Improving,17279.54,5100.15,338.8,196.29
2025-02-17,UK,Affiliate,12,349,3.44,3.83,2.0532,Improving,10433.11,1377.04,757.65,304.42
2025-02-24,UK,Affiliate,12,173,6.94,3.32,2.0173,Improving,0.0,1278.2,0.0,302.54
2025-03-03,UK,Affiliate,7,145,4.83,4.22,0.696,Declining,17145.95,20363.07,84.2,295.16
2025-03-10,UK,Affiliate,3,55,5.45,5.16,1.1299,Improving,16240.17,7475.76,217.24,264.77
2025-03-17,UK,Affiliate,9,136,6.62,5.96,1.2132,Improving,11171.06,12500.14,89.37,97.7
2025-03-24,UK,Affiliate,7,497,1.41,4.58,0.2128,Declining,5837.76,2146.13,272.01,165.7
2025-03-31,UK,Affiliate,6,359,1.67,3.79,1.1866,Improving,13978.09,12099.48,115.53,173.54
2025-04-07,UK,Affiliate,6,231,2.6,3.07,1.5541,Improving,9817.37,19898.42,49.34,131.56
2025-04-14,UK,Affiliate,6,331,1.81,1.87,0.6979,Declining,14726.15,23650.91,62.26,124.79
2025-04-21,UK,Affiliate,9,220,4.09,2.54,2.2568,Improving,13639.29,12269.25,111.17,84.57
2025-04-28,UK,Affiliate,7,328,2.13,2.66,0.5217,Declining,5011.01,10844.46,46.21,67.24
2025-05-05,UK,Affiliate,9,360,2.5,2.63,1.1714,Improving,15222.48,14034.8,108.46,82.03
2025-05-12,UK,Affiliate,4,164,2.44,2.79,0.9756,Declining,14804.3,15468.28,95.71,90.39
2025-05-19,UK,Affiliate,6,79,7.59,3.67,3.1139,Improving,19165.79,5517.62,347.36,149.43
2025-05-26,UK,Affiliate,10,356,2.81,3.84,0.3699,Declining,18144.92,17954.5,101.06,163.15
2025-06-02,UK,Affiliate,9,106,8.49,5.33,3.0226,Improving,19667.01,4020.9,489.12,258.31
2025-06-09,UK,Affiliate,8,87,9.2,7.02,1.083,Improving,3686.78,16000.22,23.04,240.14
2025-06-16,UK,Affiliate,13,86,15.12,8.9,1.6439,Improving,13157.2,19188.86,68.57,170.45
2025-06-23,UK,Affiliate,5,230,2.17,8.74,0.1438,Declining,3631.24,5820.53,62.39,160.78
2025-06-30,UK,Affiliate,5,54,9.26,8.94,4.2593,Improving,3226.68,3558.4,90.68,61.17
2025-07-07,UK,Affiliate,10,137,7.3,8.46,0.7883,Declining,0.0,21516.58,0.0,55.41
2025-07-14,UK,Affiliate,7,242,2.89,5.41,0.3963,Declining,11063.97,21453.04,51.57,51.16
2025-07-21,UK,Affiliate,5,229,2.18,5.41,0.7548,Declining,19977.73,17799.69,112.24,63.62
2025-07-28,UK,Affiliate,12,409,2.93,3.83,1.3438,Improving,8593.79,11797.92,72.84,59.16
2025-08-04,UK,Affiliate,4,439,0.91,2.23,0.3106,Declining,1667.63,4029.71,41.38,69.51
2025-08-11,UK,Affiliate,10,79,12.66,4.67,13.8924,Improving,5964.92,11522.22,51.77,69.56
2025-08-18,UK,Affiliate,8,172,4.65,5.29,0.3674,Declining,7565.98,23320.42,32.44,49.61
2025-08-25,UK,Affiliate,4,307,1.3,4.88,0.2801,Declining,0.0,2072.0,0.0,31.4
2025-09-01,UK,Affiliate,7,297,2.36,5.24,1.8089,Improving,4501.47,21083.33,21.35,26.39
2025-09-08,UK,Affiliate,6,90,6.67,3.74,2.8286,Improving,2023.81,19968.27,10.14,15.98
2025-09-15,UK,Affiliate,10,91,10.99,5.33,1.6484,Improving,5288.41,11923.32,44.35,18.96
2025-09-22,UK,Affiliate,10,152,6.58,6.65,0.5987,Declining,975.79,13995.13,6.97,20.7
2025-09-29,UK,Affiliate,12,128,9.38,8.4,1.425,Improving,2849.42,12330.99,23.11,21.14
2025-10-06,UK,Affiliate,9,164,5.49,8.11,0.5854,Declining,6540.39,6563.72,99.64,43.52
2025-10-13,UK,Affiliate,6,170,3.53,6.24,0.6431,Declining,15965.88,16317.52,97.85,56.89
2025-10-20,UK,Affiliate,8,166,4.82,5.8,1.3655,Improving,806.16,8982.02,8.98,57.39
2025-10-27,UK,Affiliate,10,467,2.14,3.99,0.4443,Declining,5214.69,8222.47,63.42,67.47
2025-11-03,UK,Affiliate,6,71,8.45,4.74,3.9465,Improving,16808.6,14918.81,112.67,70.73
2025-11-10,UK,Affiliate,8,451,1.77,4.3,0.2099,Declining,5296.48,15996.99,33.11,54.54
2025-11-17,UK,Affiliate,6,275,2.18,3.64,1.23,Improving,3983.89,4801.33,82.97,73.04
2025-11-24,UK,Affiliate,10,494,2.02,3.61,0.9278,Declining,8002.83,9201.7,86.97,78.93
2025-12-01,UK,Affiliate,5,56,8.93,3.73,4.4107,Improving,0.0,10778.64,0.0,50.76
2025-12-08,UK,Affiliate,4,70,5.71,4.71,0.64,Declining,1448.95,24769.12,5.85,43.95
2025-12-15,UK,Affiliate,8,236,3.39,5.01,0.5932,Declining,13468.68,5405.39,249.17,85.5
2025-12-22,UK,Affiliate,8,227,3.52,5.39,1.0396,Improving,2694.95,1064.12,253.26,127.07
2025-12-29,UK,Affiliate,8,489,1.64,3.57,0.4642,Declining,15529.69,20720.17,74.95,145.81
2025-01-06,UK,Organic,15,267,5.62,5.62,,No Prior Week,5521.51,22567.86,24.47,24.47
2025-01-13,UK,Organic,15,400,3.75,4.68,0.6675,Declining,15453.46,19420.13,79.57,52.02
2025-01-20,UK,Organic,12,200,6.0,5.12,1.6,Improving,7610.44,3566.78,213.37,105.8
2025-01-27,UK,Organic,3,90,3.33,4.68,0.5556,Declining,12809.78,22625.38,56.62,93.51
2025-02-03,UK,Organic,13,367,3.54,4.16,1.0627,Improving,15122.62,22517.1,67.16,104.18
2025-02-10,UK,Organic,15,80,18.75,7.91,5.2933,Improving,18251.46,3687.52,494.95,208.02
2025-02-17,UK,Organic,21,472,4.45,7.52,0.2373,Declining,9143.79,1857.78,492.19,277.73
2025-02-24,UK,Organic,10,400,2.5,7.31,0.5619,Declining,13384.75,4951.77,270.3,331.15
2025-03-03,UK,Organic,20,350,5.71,7.85,2.2857,Improving,2320.23,19717.48,11.77,317.3
2025-03-10,UK,Organic,12,203,5.91,4.64,1.0345,Improving,2286.42,4287.58,53.33,206.9
2025-03-17,UK,Organic,18,212,8.49,5.65,1.4363,Improving,3821.31,24870.04,15.37,87.69
2025-03-24,UK,Organic,14,122,11.48,7.9,1.3515,Improving,0.0,15382.94,0.0,20.11
2025-03-31,UK,Organic,14,466,3.0,7.22,0.2618,Declining,6720.13,2466.11,272.5,85.3
2025-04-07,UK,Organic,18,258,6.98,7.49,2.3223,Improving,0.0,13919.07,0.0,71.97
2025-04-14,UK,Organic,19,287,6.62,7.02,0.9489,Declining,0.0,9199.85,0.0,68.12
2025-04-21,UK,Organic,11,410,2.68,4.82,0.4053,Declining,1254.35,9887.35,12.69,71.3
2025-04-28,UK,Organic,14,446,3.14,4.85,1.17,Improving,0.0,17899.38,0.0,3.17
2025-05-05,UK,Organic,9,403,2.23,3.67,0.7114,Declining,0.0,6279.18,0.0,3.17
2025-05-12,UK,Organic,11,468,2.35,2.6,1.0525,Improving,9180.9,18672.45,49.17,15.46
2025-05-19,UK,Organic,14,236,5.93,3.41,2.5239,Improving,13697.86,18983.14,72.16,30.33
2025-05-26,UK,Organic,13,427,3.04,3.39,0.5132,Declining,19797.53,21377.78,92.61,53.48
2025-06-02,UK,Organic,6,483,1.24,3.14,0.408,Declining,7717.48,4475.25,172.45,96.6
2025-06-09,UK,Organic,19,172,11.05,5.32,8.8924,Improving,9898.58,17359.1,57.02,98.56
2025-06-16,UK,Organic,15,85,17.65,8.25,1.5975,Improving,0.0,10905.47,0.0,80.52
2025-06-23,UK,Organic,11,477,2.31,8.06,0.1307,Declining,14740.96,13116.21,112.39,85.46
2025-06-30,UK,Organic,9,240,3.75,8.69,1.6261,Improving,2406.65,2339.44,102.87,68.07
2025-07-07,UK,Organic,14,378,3.7,6.85,0.9877,Declining,14581.59,10271.18,141.97,89.31
2025-07-14,UK,Organic,20,224,8.93,4.67,2.4107,Improving,10565.76,11308.0,93.44,112.67
2025-07-21,UK,Organic,5,114,4.39,5.19,0.4912,Declining,4611.88,19574.45,23.56,90.46
2025-07-28,UK,Organic,17,247,6.88,5.98,1.5692,Improving,2568.45,5361.86,47.9,76.72
2025-08-04,UK,Organic,16,232,6.9,6.77,1.002,Improving,538.11,13844.96,3.89,42.2
2025-08-11,UK,Organic,12,208,5.77,5.98,0.8365,Declining,0.0,6657.25,0.0,18.84
2025-08-18,UK,Organic,12,288,4.17,5.93,0.7222,Declining,6539.63,6052.1,108.06,39.96
2025-08-25,UK,Organic,11,309,3.56,5.1,0.8544,Declining,14760.89,13475.16,109.54,55.37
2025-09-01,UK,Organic,11,162,6.79,5.07,1.9074,Improving,8825.41,21163.75,41.7,64.82
2025-09-08,UK,Organic,19,419,4.53,4.76,0.6678,Declining,16445.77,4579.13,359.15,154.61
2025-09-15,UK,Organic,9,259,3.47,4.59,0.7663,Declining,0.0,11450.09,0.0,127.6
2025-09-22,UK,Organic,15,175,8.57,5.84,2.4667,Improving,17472.82,3392.84,514.99,228.96
2025-09-29,UK,Organic,12,341,3.52,5.02,0.4106,Declining,9064.2,8313.0,109.04,245.79
2025-10-06,UK,Organic,13,308,4.22,4.95,1.1994,Improving,16403.29,11006.87,149.03,193.26
2025-10-13,UK,Organic,19,186,10.22,6.63,2.4202,Improving,16918.06,4831.09,350.19,280.81
2025-10-20,UK,Organic,11,449,2.45,5.1,0.2398,Declining,1533.5,8154.19,18.81,156.77
2025-10-27,UK,Organic,9,214,4.21,5.27,1.7167,Improving,14172.78,5482.89,258.49,194.13
2025-11-03,UK,Organic,12,101,11.88,7.19,2.8251,Improving,10857.54,20396.07,53.23,170.18
2025-11-10,UK,Organic,14,165,8.48,6.76,0.7141,Declining,3766.51,14342.86,26.26,89.2
2025-11-17,UK,Organic,13,223,5.83,7.6,0.6871,Declining,1240.04,22805.37,5.44,85.86
2025-11-24,UK,Organic,14,446,3.14,7.33,0.5385,Declining,0.0,16966.83,0.0,21.23
2025-12-01,UK,Organic,13,103,12.62,7.52,4.0208,Improving,13213.71,21904.56,60.32,23.01
2025-12-08,UK,Organic,12,89,13.48,8.77,1.0683,Improving,784.79,10747.44,7.3,18.27
2025-12-15,UK,Organic,11,324,3.4,8.16,0.2518,Declining,0.0,3957.82,0.0,16.91
2025-12-22,UK,Organic,16,111,14.41,10.98,4.2457,Improving,2517.71,2285.54,110.16,44.45
2025-12-29,UK,Organic,6,366,1.64,8.23,0.1137,Declining,11428.59,1633.32,699.72,204.29
2025-01-06,UK,Paid Search,11,300,3.67,3.67,,No Prior Week,9529.73,16743.62,56.92,56.92
2025-01-13,UK,Paid Search,12,239,5.02,4.34,1.3693,Improving,10589.14,7786.44,135.99,96.46
2025-01-20,UK,Paid Search,9,487,1.85,3.51,0.3681,Declining,12125.59,10697.26,113.35,102.09
2025-01-27,UK,Paid Search,8,184,4.35,3.72,2.3527,Improving,5593.33,11804.07,47.38,88.41
2025-02-03,UK,Paid Search,8,282,2.84,3.51,0.6525,Declining,12792.69,16190.99,79.01,93.94
2025-02-10,UK,Paid Search,20,346,5.78,3.7,2.0376,Improving,10629.51,6555.6,162.14,100.47
2025-02-17,UK,Paid Search,15,59,25.42,9.6,4.3983,Improving,2008.34,3610.66,55.62,86.04
2025-02-24,UK,Paid Search,14,267,5.24,9.82,0.2062,Declining,12261.42,21780.02,56.3,88.27
2025-03-03,UK,Paid Search,11,459,2.4,9.71,0.457,Declining,11444.34,12887.95,88.8,90.72
2025-03-10,UK,Paid Search,15,317,4.73,9.45,1.9745,Improving,15724.32,16490.46,95.35,74.02
2025-03-17,UK,Paid Search,21,239,8.79,5.29,1.8569,Improving,14930.29,14920.61,100.06,85.13
2025-03-24,UK,Paid Search,14,498,2.81,4.68,0.3199,Declining,0.0,21918.17,0.0,71.05
2025-03-31,UK,Paid Search,12,279,4.3,5.16,1.53,Improving,8912.3,5644.48,157.89,88.33
2025-04-07,UK,Paid Search,15,466,3.22,4.78,0.7484,Declining,12306.7,2435.36,505.33,190.82
2025-04-14,UK,Paid Search,20,191,10.47,5.2,3.2531,Improving,7324.6,6204.62,118.05,195.32
2025-04-21,UK,Paid Search,15,430,3.49,5.37,0.3331,Declining,811.49,11830.5,6.86,197.03
2025-04-28,UK,Paid Search,10,94,10.64,6.95,3.0496,Improving,19765.66,24676.0,80.1,177.59
2025-05-05,UK,Paid Search,8,465,1.72,6.58,0.1617,Declining,8682.46,13441.24,64.6,67.4
2025-05-12,UK,Paid Search,17,280,6.07,5.48,3.529,Improving,6222.21,22889.57,27.18,44.68
2025-05-19,UK,Paid Search,13,108,12.04,7.62,1.9826,Improving,7493.68,3691.36,203.01,93.72
2025-05-26,UK,Paid Search,13,317,4.1,5.98,0.3407,Declining,0.0,1499.27,0.0,73.7
2025-06-02,UK,Paid Search,17,175,9.71,7.98,2.3688,Improving,0.0,17068.98,0.0,57.55
2025-06-09,UK,Paid Search,7,405,1.73,6.9,0.1779,Declining,0.0,9957.11,0.0,50.75
2025-06-16,UK,Paid Search,13,236,5.51,5.26,3.187,Improving,2445.67,12262.99,19.94,4.99
2025-06-23,UK,Paid Search,14,369,3.79,5.19,0.6888,Declining,579.05,14265.28,4.06,6.0
2025-06-30,UK,Paid Search,10,438,2.28,3.33,0.6018,Declining,2630.21,14373.21,18.3,10.58
2025-07-07,UK,Paid Search,11,381,2.89,3.62,1.2646,Improving,2490.51,16417.34,15.17,14.37
2025-07-14,UK,Paid Search,8,279,2.87,2.96,0.9932,Declining,18860.3,9795.51,192.54,57.52
2025-07-21,UK,Paid Search,8,274,2.92,2.74,1.0182,Improving,13265.42,12903.69,102.8,82.2
2025-07-28,UK,Paid Search,11,270,4.07,3.19,1.3954,Improving,18886.33,23033.2,82.0,98.13
2025-08-04,UK,Paid Search,10,361,2.77,3.16,0.6799,Declining,0.0,14081.27,0.0,94.33
2025-08-11,UK,Paid Search,14,88,15.91,6.42,5.7432,Improving,8556.93,3532.07,242.26,106.77
2025-08-18,UK,Paid Search,6,99,6.06,7.2,0.381,Declining,11673.88,6640.67,175.79,125.01
2025-08-25,UK,Paid Search,12,137,8.76,8.37,1.4453,Improving,17732.66,14620.68,121.28,134.84
2025-09-01,UK,Paid Search,8,83,9.64,10.09,1.1004,Improving,4062.77,19703.2,20.62,139.99
2025-09-08,UK,Paid Search,10,162,6.17,7.66,0.6404,Declining,8834.96,17698.69,49.92,91.9
2025-09-15,UK,Paid Search,9,405,2.22,6.7,0.36,Declining,0.0,19124.99,0.0,47.96
2025-09-22,UK,Paid Search,11,309,3.56,5.4,1.6019,Improving,7573.34,24142.95,31.37,25.48
2025-09-29,UK,Paid Search,17,163,10.43,5.6,2.9297,Improving,12281.36,20055.69,61.24,35.63
2025-10-06,UK,Paid Search,15,127,11.81,7.01,1.1325,Improving,11658.85,6104.08,191.0,70.9
2025-10-13,UK,Paid Search,11,272,4.04,7.46,0.3424,Declining,6074.17,19675.74,30.87,78.62
2025-10-20,UK,Paid Search,16,233,6.87,8.29,1.698,Improving,9408.14,7448.66,126.31,102.35
2025-10-27,UK,Paid Search,11,211,5.21,6.98,0.7592,Declining,8169.95,21716.94,37.62,96.45
2025-11-03,UK,Paid Search,10,259,3.86,5.0,0.7406,Declining,5977.7,10200.89,58.6,63.35
2025-11-10,UK,Paid Search,17,420,4.05,5.0,1.0483,Improving,11796.88,8515.39,138.54,90.27
2025-11-17,UK,Paid Search,14,354,3.95,4.27,0.9771,Declining,6176.17,2028.54,304.46,134.8
2025-11-24,UK,Paid Search,22,459,4.79,4.16,1.212,Improving,3002.59,4148.89,72.37,143.49
2025-12-01,UK,Paid Search,13,294,4.42,4.3,0.9225,Declining,5398.8,24986.13,21.61,134.24
2025-12-08,UK,Paid Search,14,387,3.62,4.2,0.8181,Declining,8691.19,12298.26,70.67,117.28
2025-12-15,UK,Paid Search,14,323,4.33,4.29,1.1981,Improving,16741.4,19515.32,85.79,62.61
2025-12-22,UK,Paid Search,12,495,2.42,3.7,0.5593,Declining,9281.79,8028.14,115.62,73.42
2025-12-29,UK,Paid Search,3,390,0.77,2.79,0.3173,Declining,8541.0,7330.58,116.51,97.15
2025-01-06,UK,Paid Social,16,71,22.54,22.54,,No Prior Week,12569.36,23741.27,52.94,52.94
2025-01-13,UK,Paid Social,9,50,18.0,20.27,0.7987,Declining,14774.7,16735.79,88.28,70.61
2025-01-20,UK,Paid Social,18,190,9.47,16.67,0.5263,Declining,1819.39,17409.4,10.45,50.56
2025-01-27,UK,Paid Social,16,244,6.56,14.14,0.6922,Declining,0.0,4393.19,0.0,37.92
2025-02-03,UK,Paid Social,14,270,5.19,9.8,0.7907,Declining,13094.8,3744.59,349.7,112.11
2025-02-10,UK,Paid Social,6,74,8.11,7.33,1.5637,Improving,16650.6,15620.46,106.59,116.69
2025-02-17,UK,Paid Social,6,491,1.22,5.27,0.1507,Declining,19349.96,14100.75,137.23,148.38
2025-02-24,UK,Paid Social,12,464,2.59,4.28,2.1164,Improving,2096.57,15810.01,13.26,151.7
2025-03-03,UK,Paid Social,13,154,8.44,5.09,3.2641,Improving,7451.36,16739.11,44.51,75.4
2025-03-10,UK,Paid Social,18,170,10.59,5.71,1.2543,Improving,5095.23,18611.41,27.38,55.59
2025-03-17,UK,Paid Social,12,102,11.76,8.35,1.1111,Improving,0.0,9552.05,0.0,21.29
2025-03-24,UK,Paid Social,21,483,4.35,8.79,0.3696,Declining,0.0,5061.08,0.0,17.97
2025-03-31,UK,Paid Social,13,130,10.0,9.18,2.3,Improving,6465.61,15761.25,41.02,17.1
2025-04-07,UK,Paid Social,19,164,11.59,9.42,1.1585,Improving,18235.07,14422.88,126.43,41.86
2025-04-14,UK,Paid Social,17,402,4.23,7.54,0.365,Declining,0.0,8108.15,0.0,41.86
2025-04-21,UK,Paid Social,15,433,3.46,7.32,0.8192,Declining,9968.97,15677.21,63.59,57.76
2025-04-28,UK,Paid Social,9,108,8.33,6.9,2.4056,Improving,15334.95,15958.16,96.09,71.53
2025-05-05,UK,Paid Social,17,81,20.99,9.25,2.5185,Improving,0.0,24738.11,0.0,39.92
2025-05-12,UK,Paid Social,13,145,8.97,10.44,0.4272,Declining,15738.12,23735.73,66.31,56.5
2025-05-19,UK,Paid Social,12,127,9.45,11.93,1.0539,Improving,11729.74,1340.38,875.11,259.38
2025-05-26,UK,Paid Social,13,52,25.0,16.1,2.6458,Improving,2135.59,3403.99,62.74,251.04
2025-06-02,UK,Paid Social,13,125,10.4,13.45,0.416,Declining,16573.8,18898.59,87.7,272.96
2025-06-09,UK,Paid Social,18,283,6.36,12.8,0.6116,Declining,11204.51,11069.25,101.22,281.69
2025-06-16,UK,Paid Social,9,128,7.03,12.2,1.1055,Improving,0.0,16153.31,0.0,62.91
2025-06-23,UK,Paid Social,11,93,11.83,8.9,1.6822,Improving,14629.1,14868.07,98.39,71.83
2025-06-30,UK,Paid Social,18,268,6.72,7.98,0.5678,Declining,943.06,19366.81,4.87,51.12
2025-07-07,UK,Paid Social,11,162,6.79,8.09,1.011,Improving,0.0,21927.1,0.0,25.82
2025-07-14,UK,Paid Social,13,50,26.0,12.83,3.8291,Improving,4682.03,17979.87,26.04,32.33
2025-07-21,UK,Paid Social,19,259,7.34,11.71,0.2822,Declining,1113.38,6524.33,17.07,11.99
2025-07-28,UK,Paid Social,13,267,4.87,11.25,0.6637,Declining,6836.07,8476.21,80.65,30.94
2025-08-04,UK,Paid Social,9,394,2.28,10.12,0.4692,Declining,16187.69,24703.8,65.53,47.32
2025-08-11,UK,Paid Social,14,397,3.53,4.5,1.5438,Improving,18864.84,16848.26,111.97,68.8
2025-08-18,UK,Paid Social,8,453,1.77,3.11,0.5008,Declining,4748.07,2383.76,199.18,114.33
2025-08-25,UK,Paid Social,12,349,3.44,2.75,1.947,Improving,2123.27,16817.73,12.63,97.33
2025-09-01,UK,Paid Social,11,302,3.64,3.09,1.0593,Improving,15029.28,21026.25,71.48,98.81
2025-09-08,UK,Paid Social,10,364,2.75,2.9,0.7542,Declining,15925.31,11472.05,138.82,105.53
2025-09-15,UK,Paid Social,15,216,6.94,4.19,2.5278,Improving,3470.62,14082.29,24.65,61.89
2025-09-22,UK,Paid Social,20,443,4.51,4.46,0.6501,Declining,3292.18,4929.36,66.79,75.43
2025-09-29,UK,Paid Social,13,117,11.11,6.33,2.4611,Improving,4058.44,21492.41,18.88,62.28
2025-10-06,UK,Paid Social,14,60,23.33,11.48,2.1,Improving,10223.6,4012.96,254.76,91.27
2025-10-13,UK,Paid Social,18,288,6.25,11.3,0.2679,Declining,1557.06,24269.02,6.42,86.71
2025-10-20,UK,Paid Social,13,285,4.56,11.31,0.7298,Declining,9768.02,20677.55,47.24,81.83
2025-10-27,UK,Paid Social,11,243,4.53,9.67,0.9924,Declining,17527.69,10631.84,164.86,118.32
2025-11-03,UK,Paid Social,18,486,3.7,4.76,0.8182,Declining,11783.48,21790.24,54.08,68.15
2025-11-10,UK,Paid Social,18,54,33.33,11.53,9.0,Improving,18691.63,24990.12,74.8,85.24
2025-11-17,UK,Paid Social,16,427,3.75,11.33,0.1124,Declining,0.0,8036.91,0.0,73.43
2025-11-24,UK,Paid Social,14,361,3.88,11.17,1.035,Improving,0.0,7602.65,0.0,32.22
2025-12-01,UK,Paid Social,14,218,6.42,11.85,1.656,Improving,0.0,8022.72,0.0,18.7
2025-12-08,UK,Paid Social,6,131,4.58,4.66,0.7132,Declining,0.0,18048.06,0.0,0.0
2025-12-15,UK,Paid Social,8,457,1.75,4.16,0.3822,Declining,12979.57,12780.85,101.55,25.39
2025-12-22,UK,Paid Social,15,182,8.24,5.25,4.7081,Improving,8891.48,14066.97,63.21,41.19
2025-12-29,UK,Paid Social,7,175,4.0,4.64,0.4853,Declining,12910.33,11900.74,108.48,68.31
2025-01-06,UK,Partnerships,6,331,1.81,1.81,,No Prior Week,16499.06,23349.72,70.66,70.66
2025-01-13,UK,Partnerships,8,296,2.7,2.26,1.491,Improving,11084.8,18360.12,60.37,65.52
2025-01-20,UK,Partnerships,8,107,7.48,4.0,2.7664,Improving,3568.64,23092.73,15.45,48.83
2025-01-27,UK,Partnerships,5,465,1.08,3.27,0.1438,Declining,0.0,3004.34,0.0,36.62
2025-02-03,UK,Partnerships,1,330,0.3,2.89,0.2818,Declining,15895.6,21494.45,73.95,37.44
2025-02-10,UK,Partnerships,7,62,11.29,5.04,37.2581,Improving,0.0,7807.19,0.0,22.35
2025-02-17,UK,Partnerships,8,117,6.84,4.88,0.6056,Declining,3455.34,10011.21,34.51,27.12
2025-02-24,UK,Partnerships,4,331,1.21,4.91,0.1767,Declining,4081.45,13363.71,30.54,34.75
2025-03-03,UK,Partnerships,9,206,4.37,5.93,3.6153,Improving,13626.36,24319.15,56.03,30.27
2025-03-10,UK,Partnerships,3,341,0.88,3.32,0.2014,Declining,13589.34,6315.66,215.17,84.06
2025-03-17,UK,Partnerships,6,137,4.38,2.71,4.9781,Improving,14535.36,5521.95,263.23,141.24
2025-03-24,UK,Partnerships,5,118,4.24,3.47,0.9675,Declining,7366.39,1385.12,531.82,266.56
2025-03-31,UK,Partnerships,7,349,2.01,2.88,0.4734,Declining,9863.72,19958.49,49.42,264.91
2025-04-07,UK,Partnerships,4,257,1.56,3.04,0.776,Declining,0.0,12931.48,0.0,211.12
2025-04-14,UK,Partnerships,7,303,2.31,2.53,1.4843,Improving,0.0,9648.0,0.0,145.31
2025-04-21,UK,Partnerships,10,435,2.3,2.04,0.9951,Declining,16433.86,11990.74,137.05,46.62
2025-04-28,UK,Partnerships,4,182,2.2,2.09,0.956,Declining,15087.2,6606.01,228.39,91.36
2025-05-05,UK,Partnerships,7,161,4.35,2.79,1.9783,Improving,10127.66,8875.47,114.11,119.89
2025-05-12,UK,Partnerships,1,147,0.68,2.38,0.1565,Declining,4237.68,3674.95,115.31,148.72
2025-05-19,UK,Partnerships,5,188,2.66,2.47,3.9096,Improving,6241.67,20548.34,30.38,122.05
2025-05-26,UK,Partnerships,12,103,11.65,4.83,4.3806,Improving,8421.15,6214.99,135.5,98.82
2025-06-02,UK,Partnerships,7,189,3.7,4.67,0.3179,Declining,18605.67,16931.06,109.89,97.77
2025-06-09,UK,Partnerships,8,146,5.48,5.87,1.4795,Improving,11831.78,14118.25,83.8,89.89
2025-06-16,UK,Partnerships,2,68,2.94,5.94,0.5368,Declining,9368.2,1145.8,817.61,286.7
2025-06-23,UK,Partnerships,4,422,0.95,3.27,0.3223,Declining,841.65,5622.69,14.97,256.57
2025-06-30,UK,Partnerships,6,274,2.19,2.89,2.3102,Improving,14463.32,10702.9,135.13,262.88
2025-07-07,UK,Partnerships,10,51,19.61,6.42,8.9542,Improving,5111.89,15563.06,32.85,250.14
2025-07-14,UK,Partnerships,4,325,1.23,5.99,0.0628,Declining,0.0,19471.75,0.0,45.74
2025-07-21,UK,Partnerships,8,99,8.08,7.78,6.5657,Improving,15753.93,1304.82,1207.36,343.84
2025-07-28,UK,Partnerships,10,177,5.65,8.64,0.6992,Declining,15318.12,11525.38,132.91,343.28
2025-08-04,UK,Partnerships,6,464,1.29,4.06,0.2289,Declining,17027.32,3201.03,531.93,468.05
2025-08-11,UK,Partnerships,7,352,1.99,4.25,1.5379,Improving,6506.38,18056.16,36.03,477.06
2025-08-18,UK,Partnerships,6,109,5.5,3.61,2.768,Improving,8918.54,22707.8,39.28,185.04
2025-08-25,UK,Partnerships,8,340,2.35,2.78,0.4275,Declining,13053.42,6689.59,195.13,200.59
2025-09-01,UK,Partnerships,8,341,2.35,3.05,0.9971,Declining,17386.39,16003.56,108.64,94.77
2025-09-08,UK,Partnerships,1,416,0.24,2.61,0.1025,Declining,0.0,12491.97,0.0,85.76
2025-09-15,UK,Partnerships,3,88,3.41,2.09,14.1818,Improving,0.0,8247.98,0.0,75.94
2025-09-22,UK,Partnerships,6,233,2.58,2.14,0.7554,Declining,3296.86,22702.19,14.52,30.79
2025-09-29,UK,Partnerships,8,417,1.92,2.04,0.745,Declining,0.0,1786.07,0.0,3.63
2025-10-06,UK,Partnerships,6,463,1.3,2.3,0.6755,Declining,0.0,6356.67,0.0,3.63
2025-10-13,UK,Partnerships,7,420,1.67,1.86,1.2861,Improving,7332.87,20686.37,35.45,12.49
2025-10-20,UK,Partnerships,8,299,2.68,1.89,1.6054,Improving,1402.76,15937.0,8.8,11.06
2025-10-27,UK,Partnerships,4,183,2.19,1.96,0.8169,Declining,19355.81,22829.96,84.78,32.26
2025-11-03,UK,Partnerships,6,240,2.5,2.26,1.1438,Improving,5124.41,5480.03,93.51,55.64
2025-11-10,UK,Partnerships,7,282,2.48,2.46,0.9929,Declining,8070.33,3729.46,216.39,100.87
2025-11-17,UK,Partnerships,10,328,3.05,2.55,1.2282,Improving,4181.98,21796.41,19.19,103.47
2025-11-24,UK,Partnerships,7,96,7.29,3.83,2.3917,Improving,17944.83,6331.43,283.42,153.13
2025-12-01,UK,Partnerships,6,236,2.54,3.84,0.3487,Declining,18644.48,20796.56,89.65,152.16
2025-12-08,UK,Partnerships,3,313,0.96,3.46,0.377,Declining,12099.47,5701.85,212.2,151.12
2025-12-15,UK,Partnerships,2,278,0.72,2.88,0.7506,Declining,3023.39,19180.13,15.76,150.26
2025-12-22,UK,Partnerships,3,145,2.07,1.57,2.8759,Improving,7521.3,7188.25,104.63,105.56
2025-12-29,UK,Partnerships,2,379,0.53,1.07,0.2551,Declining,8761.16,6901.69,126.94,114.89